LP (Chronos injections),,,,,,Flip slice left-right,Soma location,,,,Pia location,Cortex edges: left,,,Cortex edges: right,,,Stim number,,,,,,,,,,,,,,,,,,,,,,,,,,,,,,,,,,,,,,,,,,,,,,,,,,,,,,,,,,,,,,,,,,,,,,,,,,,,,,,,,,,,,,,,,,,,,,,,,,,,,,,,,,,,,,,,,,,,,,,,,,,,,,,,,,,,,,,,,,,,,,,,,,,,,,,,,,,,,,,,,,,,,,,,,,,,,,,,,,,,,,,,,,,,,,,,,,,,,,,,,,,,,,,,,,,,,,,,,,,,,,,,,,,,,,,,,,,,,,,,,,,,,,,,,,,,,,,,,,,,,,,,,,,,,,,,,,,,,,,,,,,,,,,,,
EPSC amplitudes (pA),,,Area,Allen slice number,Mediolateral distance,,row,column,stim number,quadrant,row (at soma col),row,column,stim number,row,column,stim number,1,2,3,4,5,6,7,8,9,10,11,12,13,14,15,16,17,18,19,20,21,22,23,24,25,26,27,28,29,30,31,32,33,34,35,36,37,38,39,40,41,42,43,44,45,46,47,48,49,50,51,52,53,54,55,56,57,58,59,60,61,62,63,64,65,66,67,68,69,70,71,72,73,74,75,76,77,78,79,80,81,82,83,84,85,86,87,88,89,90,91,92,93,94,95,96,97,98,99,100,101,102,103,104,105,106,107,108,109,110,111,112,113,114,115,116,117,118,119,120,121,122,123,124,125,126,127,128,129,130,131,132,133,134,135,136,137,138,139,140,141,142,143,144,145,146,147,148,149,150,151,152,153,154,155,156,157,158,159,160,161,162,163,164,165,166,167,168,169,170,171,172,173,174,175,176,177,178,179,180,181,182,183,184,185,186,187,188,189,190,191,192,193,194,195,196,197,198,199,200,201,202,203,204,205,206,207,208,209,210,211,212,213,214,215,216,217,218,219,220,221,222,223,224,225,226,227,228,229,230,231,232,233,234,235,236,237,238,239,240,241,242,243,244,245,246,247,248,249,250,251,252,253,254,255,256,257,258,259,260,261,262,263,264,265,266,267,268,269,270,271,272,273,274,275,276,277,278,279,280,281,282,283,284,285,286,287,288,,All
, ,, ,,,,,,,,,,,,,,,,,,,,,,,,,,,,,,,,,,,,,,,,,,,,,,,,,,,,,,,,,,,,,,,,,,,,,,,,,,,,,,,,,,,,,,,,,,,,,,,,,,,,,,,,,,,,,,,,,,,,,,,,,,,,,,,,,,,,,,,,,,,,,,,,,,,,,,,,,,,,,,,,,,,,,,,,,,,,,,,,,,,,,,,,,,,,,,,,,,,,,,,,,,,,,,,,,,,,,,,,,,,,,,,,,,,,,,,,,,,,,,,,,,,,,,,,,,,,,,,,,,,,,,,,,,,,,,,,,,,,,,,,,,,,,,,,,,,,,,,,,,,,,,,,
Stim order (1-indexed),,, ,,,0,0,0,0,0,0,0,0,0,0,0,0,138,74,273,90,260,125,5,104,175,31,223,81,209,51,36,121,76,149,192,246,75,19,25,187,275,133,224,168,208,92,189,22,256,30,1,155,27,205,56,235,146,167,264,233,118,61,190,158,9,287,50,195,265,113,238,194,4,103,32,109,161,78,2,57,159,73,64,220,276,46,139,40,96,115,269,166,251,88,160,82,182,156,240,222,157,98,228,13,91,214,100,37,99,261,123,60,248,180,237,14,176,29,234,72,87,185,111,59,101,199,47,247,177,108,10,181,122,34,285,105,230,191,271,219,249,85,277,126,15,203,257,94,20,227,206,66,204,270,70,258,174,268,141,112,259,7,218,24,39,255,170,53,202,282,241,151,16,217,116,279,71,128,229,110,44,216,281,54,165,286,143,17,127,226,52,136,62,162,49,18,221,65,188,58,114,215,184,33,63,137,69,232,164,242,106,201,80,147,42,124,68,263,179,8,153,3,186,283,173,41,274,211,288,83,272,21,169,225,171,86,262,278,210,267,48,150,244,213,130,231,97,67,266,102,144,12,207,93,200,119,198,89,26,131,79,193,117,28,152,45,132,280,140,11,239,6,212,77,95,23,163,38,236,148,107,197,135,43,178,183,145,245,120,134,55,284,142,254,35,196,252,154,84,172,250,243,129,253,0,0
20190627c3,Trace min (20ms window after stim), ,RSPagl,83,1150,0,9,6,102,4,22,20,1,229,24,11,287,-1.0958,-0.850108,-1.97787,-2.71038,-1.34793,-8.61339,-0.461061,-1.36123,-0.480221,-1.58613,-0.952939,-2.38737,-0.801106,-0.735087,-0.688511,-1.23069,-2.46079,-0.740462,-1.15134,-1.51756,-2.5816,-1.92938,-1.66563,-2.15047,-0.0498546,-1.94994,-0.631195,-1.28169,-1.16774,-1.64597,-0.766924,-1.00893,-1.70119,-1.17659,-1.50266,-3.40751,-2.14281,-1.22717,-2.57502,-0.101556,-1.74538,-0.716928,-1.12934,-1.91386,-0.765647,-1.90856,-2.45037,-1.2771,-1.21405,-1.82594,-1.8746,-1.93626,-0.672012,-13.6683,-1.22099,-1.83823,-0.991558,-3.88274,-1.46144,-1.48563,-3.48928,-1.55765,-1.60268,-2.23223,-0.887506,-0.804309,-2.22525,-0.975843,-1.22984,-3.44797,-1.57722,-1.49357,-2.50464,-4.46148,-2.67473,-2.56748,-0.534251,-8.26142,-1.06165,-1.75574,-0.771914,-1.33005,-1.22187,-1.80933,-2.32549,-1.79277,-1.06285,-2.28475,-1.35859,-2.38539,-7.90364,-1.14524,-4.26837,-2.08918,-0.530093,-0.932781,-1.5561,-1.20409,-1.35255,-2.07977,-3.33478,-0.79097,-2.07153,-1.01617,-1.90677,-3.21327,-7.62202,-0.646726,-6.64112,-1.88164,-1.73855,-0.456382,-0.94929,-1.48057,-0.467708,-1.07645,-1.1745,-2.48726,-0.807136,-1.77412,-2.36934,-1.91307,-1.43502,-1.64422,-1.38208,-0.843448,-1.02822,-16.3315,-3.28013,-2.35307,-1.10143,-1.58306,-2.2744,-2.70456,-1.24023,-2.62388,-1.10974,-1.10471,-0.473532,-0.564073,-1.66408,-3.7896,-1.07387,-11.1247,-2.29354,-0.589257,-1.62989,-1.69613,-1.89808,-1.10974,-0.595341,-1.98178,-2.22989,-1.41637,-1.17837,-1.93705,-3.73579,-1.70078,-0.950928,-1.12082,-2.43323,-0.670871,-1.99722,-1.9641,-1.31462,-2.03257,-1.80061,-1.4543,-0.855905,-2.21808,-1.55419,-0.802748,-3.76168,-1.47753,-1.37146,-1.50783,-1.18574,-1.40012,-1.46482,-0.559555,-0.983932,-1.88974,-1.28687,-1.83044,-24.085,-0.770048,-2.0217,-0.173189,-1.19832,-1.24319,-1.50165,-1.40317,-1.77227,-1.40808,-1.86862,-1.93672,-1.91555,-1.55795,-1.56295,-4.58397,-1.72251,-0.882312,-2.12226,-3.53973,-0.938178,-1.85118,-2.03879,-1.64852,-1.13593,-1.52904,-1.77872,-0.842788,-1.75438,-1.99058,-0.693323,-1.28847,-1.43648,-1.65985,-1.8987,-1.64437,-1.40667,-1.22033,-1.36096,-1.61523,-1.0829,-0.886562,-0.821999,-0.613797,-1.03967,-0.489569,-2.31701,-1.81546,-1.7349,-10.1885,-1.54367,-1.84625,-0.802152,-2.47581,-1.4525,-1.5938,-1.94491,-5.67708,-1.14148,-2.33381,-1.3616,-1.43696,-3.22488,-1.81021,-0.458719,-0.903949,-1.06867,-1.04667,-1.041,-0.992959,-1.75728,-1.60903,-1.58722,-1.04193,-0.976467,-1.68576,-1.09057,-1.4598,-1.50183,-2.84697,-4.23801,-1.38358,-1.10893,-1.26121,-0.880768,-0.866946,-1.52471,-1.8573,-1.41906,-0.9557,-3.3779,-2.78986,-1.99557,-1.32771,-1.47704,-2.05724,-1.92348,-1.53049,-1.13054,-2.16403,-0.868267,-8.64519,-2.04217,-1.1005,-2.87986,-86.5089
,Area (50ms window), ,,,,0,9,6,102,4,22,20,1,229,24,11,287,6.32548,-23.6324,10.9837,-24.4913,-0.251944,-62.49,53.4146,-4.15606,17.7622,-11.6676,-2.04066,2.54339,-7.32215,7.38721,21.1809,-17.8057,-26.1083,8.74798,-8.09772,-33.0839,5.81443,5.15147,22.1836,-14.8907,5.12682,-3.01237,10.4238,-8.27918,-6.91886,6.72556,21.1216,-16.7731,-0.99064,3.59307,1.39623,-19.6442,-6.33955,-11.9297,-9.27218,34.4646,5.89816,6.65418,-5.11215,-7.86656,-27.8817,-20.3615,6.82132,-6.71307,5.42392,-10.9868,0.157143,7.78429,25.0191,-165.052,76.4621,-12.1781,50.5212,-57.125,-3.82089,28.1167,-5.28152,-7.07678,7.1089,11.5585,7.19967,-11.5036,-16.2846,32.2608,-25.6464,-21.7135,-19.4636,27.3016,-11.26,-51.8439,-12.4711,-12.4821,27.99,-48.3837,32.2852,-2.52569,6.00278,-43.5625,18.9657,-0.962016,-13.1624,-28.7359,37.2795,-11.5444,14.3886,-46.9908,-45.7424,32.5732,-44.7221,-6.6903,25.9372,-7.01929,-9.06872,20.3679,18.6408,-9.7417,-25.9812,33.4212,-16.9591,-9.45422,-8.4498,-49.2846,-26.5717,38.6178,-88.8207,21.0919,5.02063,17.9923,2.19638,5.64384,31.9797,0.739712,21.5981,-11.0813,22.3159,-14.169,-17.0214,-25.3449,21.7313,-25.7077,-2.93642,11.0211,14.3678,-108.487,50.3012,-18.5677,-1.52558,7.96883,-15.7852,33.5518,-26.2892,36.5519,2.40749,-7.77598,15.1023,9.0315,-20.4743,-43.2808,-0.551067,-85.4373,39.6985,20.821,16.1409,-11.3776,-22.2786,22.239,36.8182,-28.3169,0.231806,1.92354,-7.80761,-8.40788,8.24311,-7.13548,-15.9575,9.5114,9.67004,22.3384,-43.3702,-16.7678,18.6919,-31.3907,19.2478,-12.3331,4.87752,-33.3761,-2.45113,13.6471,-10.2463,25.9329,26.0497,-9.87431,4.7364,5.56928,-2.43141,3.28179,27.1142,-11.6347,-21.4347,2.95954,-186.043,91.0188,-8.18003,15.7537,-2.73246,0.858709,4.55703,-14.3279,-3.79819,-10.4028,-2.61938,1.93959,16.1952,-28.8585,3.54133,-34.0388,9.99807,30.1856,-34.58,-32.9647,24.5091,-47.8259,16.4044,-3.03283,32.8897,-35.3684,-37.561,7.26296,14.2875,-15.3825,2.88162,0.856867,1.89026,-4.32367,-14.2271,25.3067,-14.3065,-9.85831,9.49133,3.07667,2.46032,-3.66527,3.37715,6.45179,-16.4489,12.4335,-22.0336,6.53123,-17.172,-81.6786,11.7132,-6.92824,25.8149,4.00537,14.6164,-18.474,1.01175,-13.3482,23.9546,-41.0647,11.508,-8.28007,-35.9228,-32.1692,57.4669,27.7233,1.60919,-2.17759,-2.87196,23.0292,-16.8518,-15.0666,7.67157,5.4795,14.9833,0.0680729,2.24085,-0.374931,-13.4778,-25.0242,-23.9741,9.35015,15.4172,-4.07815,16.4463,-10.9527,-2.33663,28.9681,-30.2473,50.1059,-46.8044,-2.21501,-15.9034,10.6654,5.14245,-13.3597,22.4356,-14.2784,-1.95403,-2.29816,-21.0117,-109.363,39.2006,14.0354,367.659,-802.388
,baseline SD (40ms window before stim), ,,,,0,9,6,102,4,22,20,1,229,24,11,287,0.583942,0.703834,0.849074,1.07921,0.681284,0.597969,1.92399,0.704376,0.612566,0.515157,0.667645,0.587599,1.06719,0.716917,0.607704,0.531445,0.748793,0.851424,0.69954,0.785088,0.648157,0.605313,0.625667,0.677174,0.654774,0.669349,0.545112,0.65651,0.686995,0.640044,0.611553,0.708542,0.631366,0.704578,0.559517,0.553818,0.710367,0.918339,0.665912,0.949756,0.593279,0.757751,0.702829,0.522956,0.650003,0.661266,0.730037,0.762395,0.897543,0.626504,0.65895,0.605175,0.6734,0.682358,0.685728,0.66808,0.651796,0.639137,0.590151,0.609373,0.805438,0.781259,0.913252,0.701502,0.626494,0.767641,0.741692,0.870954,0.581525,0.584699,0.540905,0.670573,0.722891,0.692317,0.678024,0.667903,0.940407,0.686006,0.681098,0.663272,0.642775,0.649609,0.83567,0.74675,0.691116,0.623921,0.660173,0.630379,0.831731,0.627295,0.599188,0.589947,0.623186,0.653517,0.741878,0.547988,0.594249,0.636235,0.741164,0.672304,0.643721,0.526919,0.594994,0.669208,0.81165,0.615937,0.578995,0.621577,0.564832,0.828837,0.583772,0.668008,0.731644,1.07005,0.763026,0.656363,0.890183,0.578911,0.680464,0.496493,0.592157,0.770322,0.91659,0.765334,0.631478,0.736445,0.620343,0.69915,0.572017,0.700242,0.803382,0.66783,1.04433,0.654577,0.617039,0.626984,1.14198,0.669047,0.660362,0.600059,0.849804,0.632788,0.893312,0.64023,0.661618,0.756458,0.734956,0.651946,0.610244,0.602039,1.14202,0.67504,0.800144,0.719713,0.569413,0.87649,0.81781,0.852004,0.584203,0.642476,0.547617,0.569815,0.675412,0.648192,0.648998,0.745812,0.732993,0.505314,0.857272,0.80809,0.78831,0.649143,0.633655,0.635408,0.706735,0.579478,1.07898,0.754477,0.700507,0.727961,0.614914,0.761258,0.591273,0.624284,0.720803,0.746467,0.598217,0.609469,1.12707,0.660996,0.618275,0.57908,0.593826,0.673158,0.744591,0.695272,0.699837,0.485867,0.758457,0.619412,0.574853,0.715645,0.697219,0.529346,0.586998,0.636953,0.657693,0.62042,0.613742,0.516106,0.562509,0.637599,0.606685,0.621731,0.605011,0.559014,0.660811,0.600013,0.558897,0.534979,0.709056,0.644199,0.595382,0.63634,0.639858,0.855379,0.693718,0.744076,0.55862,0.583239,0.698855,0.70337,0.614037,0.70304,0.705257,0.53649,0.593331,0.678892,0.695137,0.6636,0.714466,0.606399,0.707275,0.643962,0.677819,0.777808,0.605207,0.575904,0.810653,0.860577,0.614511,0.700836,0.630428,0.70011,0.636224,0.617887,0.665911,0.689283,0.589706,0.51434,0.596401,0.666705,0.651907,0.799791,0.607516,0.628801,0.596774,0.568084,0.669269,0.775061,0.728462,0.575857,0.540109,0.720806,0.575902,0.529833,0.678465,0.59282,0.809555,0.59594,0.671568,0.543629,0.577591,0.642889,0.590383,0.648533,0.636727,0.636016,0.648528,0.69886
20190806c0,Trace min (20ms window after stim), ,RSPagl,82,1320,0,11,6,126,4,23,21,1,241,24,10,286,-1.44364,-1.61876,-0.661543,-0.980454,-5.12854,-3.74509,-2.85493,-1.40567,-1.38237,-3.16804,-1.82831,-1.40177,-1.78667,-1.71133,-0.82339,-3.00433,-2.59408,-2.40906,-0.687868,-2.62542,-0.873856,-1.37101,-2.92873,-2.10126,-1.72043,-0.979864,-0.976035,-0.957712,-6.84586,-0.209302,-1.00899,-2.05281,-1.40354,-0.960397,-1.21089,-1.31141,-0.9127,-0.681346,-0.987305,-1.85579,-0.489942,-1.47142,-1.35065,-9.1452,-2.05874,-1.58308,-1.02587,-0.761068,-2.53796,-1.18396,-3.18826,-1.29125,-2.09452,-0.753586,-2.0093,-0.637701,-2.18788,-1.52845,-0.864363,-0.834241,-1.40901,-1.8526,-0.955301,-1.30212,-0.93818,-0.514842,-2.74404,-10.6918,-3.53515,-0.613774,-1.38717,-2.01557,-1.18263,-1.08237,-0.979987,-0.734625,-0.81814,-4.13604,-1.35883,-0.627265,-0.933703,-2.05121,-1.58455,-1.74002,-1.17803,0.0178713,-1.94218,-0.968703,-1.90477,-1.44471,-1.46087,-1.3961,-1.84505,-2.5888,-0.695887,-2.34493,-2.36238,-1.94829,-1.11964,-0.762964,-0.438773,-1.45685,-2.61408,-1.02546,-1.71652,-2.03858,-1.75229,-2.48142,-2.15349,-1.99879,-1.46145,-2.93143,-1.35431,-1.67239,-0.914286,-2.15534,-2.56162,-2.06017,-2.16772,-1.42136,-7.38768,-1.7947,-1.21634,-7.2008,-0.423429,-0.599193,-1.78441,-0.925986,-1.3323,-1.99828,-1.40469,-1.39291,-1.44212,-1.214,-1.14772,-1.44208,-1.2533,-1.14388,-1.55632,-1.37252,-2.52319,-2.88636,-1.97405,-2.44917,-3.57498,-1.16699,-2.90107,-1.01534,-2.06477,-2.01863,-2.23837,-1.73792,-1.82009,-2.02477,-2.19898,-1.95825,-2.19493,-0.822138,-1.83885,-1.76021,-1.67324,-2.47164,-1.50753,-2.25362,-1.31271,-3.5499,-1.20565,-0.451752,-1.27288,-2.92434,-1.65456,-1.72226,-1.94514,-1.34884,-1.7577,-1.42138,-2.85381,-2.15947,-1.72598,-2.64084,-1.80008,-1.39395,-2.03014,-1.47965,-1.32438,-2.81474,-1.72185,-0.744639,-1.58677,-0.197342,-2.5834,-24.6692,-2.05187,-0.804855,-2.04585,-2.61539,-1.5052,-1.73549,-1.87927,-2.50679,0.238882,-1.08345,-1.71671,-0.983544,0.621525,-1.32695,-1.72603,-0.478617,-1.85755,-0.133441,-1.5218,-0.608966,-2.63778,-0.0754298,-3.27779,-0.708494,-1.69546,-0.702155,-1.20378,-1.04205,-1.46327,-1.31964,-1.46379,-0.794814,-3.00966,-1.4234,-9.24384,-1.7972,-1.6655,-9.2812,-1.32341,-0.231898,-0.812094,-1.18083,-1.44999,-2.5576,-3.97591,-0.991964,-0.29633,-1.10327,-1.84436,-2.10684,-0.938927,-1.2385,-0.949462,-1.04312,-0.554829,-1.10192,-1.338,-2.38895,-2.13553,-0.943879,-1.92339,-1.11353,-1.28936,-2.53597,-1.28014,-0.917532,-1.13386,-1.85825,-1.14708,-1.27145,-1.83077,-0.708169,-1.65594,-2.57577,-1.40054,-0.763024,-1.83023,-1.55061,-1.46813,-6.77162,-0.960285,-1.00409,-0.457695,-2.82598,-1.34649,-2.3727,-0.734129,-1.81608,-1.86482,-0.44037,-2.3063,-0.910699,-1.23106,-4.82791,-0.837952,-1.13097,0.58732,-56.0238
,Area (50ms window), ,,,,0,11,6,126,4,23,21,1,241,24,10,286,-18.5337,20.2708,1.31599,-29.2453,-66.0863,14.6716,-1.31596,6.25711,-1.90577,-31.8875,11.7001,15.9463,-37.1817,0.89551,-4.22463,-20.2392,-11.1016,-15.4134,21.3894,-59.1298,24.1956,-7.70975,-7.09919,-13.0103,-6.10696,-6.39867,6.69565,-14.6098,-117.048,102.277,5.11097,-31.5574,5.83095,-5.84474,13.1252,-5.09182,-30.6733,32.6808,2.45467,-22.3433,42.0319,-0.694262,-4.27914,-189.751,88.1123,-4.78693,-5.99873,21.0159,-50.5871,22.1587,-22.437,-4.03228,-9.00245,6.17102,-16.5912,11.6599,-31.44,12.3514,25.8639,-5.35444,19.3475,-6.19562,3.43924,-6.63138,-1.02161,3.16021,-13.8741,-172.102,54.3561,33.848,-8.07612,-27.638,7.07305,18.2353,10.8787,5.12362,-23.8249,-53.9601,17.5746,18.8451,13.6772,-13.7757,-19.8949,-27.0031,3.67251,24.1299,1.06219,9.72793,6.97802,2.59621,1.50516,-5.89208,-29.8381,-1.67573,31.9509,-12.4476,-15.5879,-9.31663,19.6779,-10.1932,0.531221,15.3676,-61.5607,31.8414,2.89981,3.9698,13.0019,-9.62826,-9.16514,-2.64193,18.6419,-50.4071,26.5885,7.35712,7.81838,-26.9151,3.41201,4.31232,-37.5643,2.29518,-140.619,75.673,-13.4247,-100.175,71.2928,13.7442,-21.4696,8.77297,6.63313,6.83864,-4.32697,0.338034,-0.0189064,-11.3411,-7.12469,9.97394,-16.0915,0.254425,-9.50807,-14.0724,-14.8043,27.5953,-0.307755,-80.6419,-58.4735,31.295,-5.13399,13.8691,-67.4017,41.555,21.1754,11.9449,-10.291,-0.725252,-34.5401,7.92583,-12.4345,15.5654,29.0837,-14.9956,4.56804,-17.0906,-4.71928,11.4372,11.9401,-21.8324,20.2753,20.4856,1.20206,-27.5237,24.3176,-1.86463,-37.1438,13.0171,-7.96757,4.87641,-33.2895,-31.6932,14.6449,-19.5627,7.87042,11.8244,-12.8836,-15.3127,6.69404,-41.5261,19.3094,21.663,-45.9777,49.6888,-37.9089,-478.816,264.663,6.67407,15.9439,-16.5666,-4.66483,-25.0675,-4.7861,-2.9512,33.973,-2.59085,-59.8956,-35.4722,38.0571,42.4186,-13.0754,42.0693,-22.3773,-1.85114,2.57015,27.76,-34.2929,24.3345,-49.494,15.5644,-10.2286,15.8066,-2.00539,22.6243,-17.2567,-17.3004,24.0594,25.9421,-51.0219,22.1269,-155.443,59.1286,-6.99477,-169.612,94.1536,5.6156,20.2905,-11.3401,18.1371,-19.3051,-81.3302,24.0862,42.5363,-15.7061,-2.93835,-9.3302,9.77784,7.1051,-3.62849,-0.766428,22.2538,7.1937,-18.9353,-18.3858,-18.7116,11.2162,-11.3969,0.368962,5.2865,-10.907,2.37437,-1.58359,17.5091,1.14617,8.09014,18.0754,-17.0026,8.35678,4.65854,-11.2612,14.2645,12.3195,-3.45098,-20.9508,25.1638,-120.681,63.4325,-13.5388,2.33698,-36.1017,9.67579,-14.1995,5.00324,-14.9692,14.5992,7.07159,-13.9974,37.8341,6.61833,-103.159,34.133,3.41984,736.947,-1403.88
,baseline SD (40ms window before stim), ,,,,0,11,6,126,4,23,21,1,241,24,10,286,0.567459,0.617442,0.715603,0.521688,0.755204,0.803019,0.967983,0.859247,0.605541,0.718401,0.687973,0.64488,0.741467,0.827937,0.682944,0.759361,0.582625,0.620675,0.805773,0.665538,0.770497,0.759253,0.659091,0.777395,0.63947,0.907518,1.06869,1.11817,0.592107,0.835743,0.860567,0.545816,0.690679,0.621366,0.720898,0.804439,0.692027,0.71721,0.826221,0.690846,0.648175,0.617469,0.820641,0.625078,0.465189,0.615972,0.652916,0.718639,0.576391,0.575291,0.512601,0.668837,0.615245,0.808971,0.590526,0.511553,1.16569,0.676853,0.846285,0.969087,0.640663,0.733173,0.762712,0.669017,0.711449,0.586191,0.654601,0.547826,0.819128,0.570288,0.63669,0.597082,0.754462,0.947628,0.574831,0.739904,1.18444,0.535184,0.724169,0.572608,0.662157,0.709183,0.57585,0.682941,0.649364,1.20011,0.737732,0.652221,0.772713,0.543977,0.526897,0.650584,0.743547,0.729126,0.610074,0.752888,0.669984,0.601207,0.690319,0.604913,0.862955,0.726199,0.639764,0.669242,0.593914,0.580712,0.633176,0.745275,0.559285,0.72897,0.599431,0.975299,0.802175,0.748614,1.12343,0.625215,0.861911,0.618422,1.08832,0.7093,1.11684,0.641401,0.628951,0.558187,0.579004,0.752424,0.715997,0.6065,0.657131,0.529297,0.791091,0.70816,0.541282,0.573545,0.68097,0.700447,0.608569,0.634841,0.667005,0.690393,0.767884,0.625792,0.655306,0.960841,0.800296,0.831279,0.955317,0.654912,0.941773,0.912788,0.810045,0.653986,0.672248,0.793136,0.575516,0.649411,0.805348,0.687605,0.831828,0.60351,0.788684,0.706106,0.637648,0.70459,0.730102,0.679836,0.607771,0.668393,0.738659,0.999085,0.599824,0.749822,0.649039,0.620365,0.633825,0.610687,0.726048,0.591429,0.615029,0.744763,0.628698,0.809277,0.655732,0.754391,0.678701,0.690141,0.65644,0.604362,1.26672,0.835366,0.611961,0.855741,0.727665,0.669494,0.605174,0.688991,0.646671,0.584898,0.588458,0.672663,0.710827,0.815641,0.652855,0.632494,0.894132,0.747359,0.641713,0.875206,0.612405,0.63818,0.64088,0.599879,0.511292,1.02591,0.562616,0.511487,0.817749,0.640977,0.725533,0.640106,0.644951,0.757325,0.868873,0.534949,0.667509,0.660168,0.769122,0.615117,0.639974,0.73614,0.614612,0.698913,0.890034,0.850163,0.617163,0.608095,0.572531,0.765579,0.85733,0.67963,0.671031,0.586815,0.62673,0.589992,0.7449,0.793816,0.489512,0.661686,0.706039,0.783675,0.599201,0.636543,0.570043,0.609095,0.527472,0.596345,0.819243,0.668641,1.15634,0.729383,0.64127,0.584362,0.849385,0.690543,0.597833,0.884484,0.712588,0.830579,0.635264,0.653872,0.67576,0.609787,0.630681,0.834892,1.05941,0.604326,0.597428,0.669439,0.608689,0.84547,0.630296,0.838065,0.584994,0.864139,0.694798,0.645388,0.696391,0.606538,1.42004,0.515831
20190806c1,Trace min (20ms window after stim), ,RSPagl,82,1140,0,11,7,127,2,22.5,20.5,1,235,24,11,287,-1.21754,0.406403,-1.25112,-1.76489,-1.35671,-0.603326,-0.986264,-1.25895,-0.0858558,-0.957378,-0.405388,-2.09187,0.0949236,-1.90787,-3.27961,-1.50061,-3.5526,-1.13272,-0.540773,-6.60295,-0.42069,-3.84576,0.333941,-1.76516,-1.96697,-0.54177,-0.725164,0.463582,-0.225675,-0.558392,-2.67083,-2.57545,-1.04528,-0.726649,-1.38471,-4.13902,0.68532,-0.302961,-2.14286,-1.50438,-0.939526,-5.51886,-0.622884,-9.57856,-0.643179,-0.840421,-0.284803,-1.35042,-1.198,-0.0860677,-2.35272,0.435559,-2.12894,-1.44041,-2.13162,-0.761418,-1.83895,-0.860452,-1.3407,-1.06444,-1.58717,-1.813,-1.76357,-0.999265,-1.30852,-2.80384,1.03996,-0.637273,-1.47898,-0.35054,-1.27836,-0.358375,-1.62622,-0.988758,-1.88425,-1.99603,-1.22885,-1.13574,-1.08908,-1.04968,-0.621122,-2.14639,-1.00185,-1.12739,-0.664202,-1.89736,-2.088,-1.83923,-1.56718,-0.883303,-1.20054,-2.61453,-0.591599,-1.03615,-0.452636,-0.368679,-1.57987,-0.167015,-1.96157,0.796751,-0.920904,-1.22906,-5.0997,-1.2247,-0.39773,-2.00799,-2.04172,-0.382574,-1.38,-2.41079,-1.33825,-2.70173,-0.748221,-1.39822,-0.739811,-2.32017,-3.79368,-1.43145,-0.999797,-0.0747784,-3.10547,-2.69096,-2.16378,-5.3516,-0.685492,-4.41653,-3.61854,-0.896472,-1.04639,-1.22893,-0.322221,-6.59015,-1.20528,-0.304865,0.630376,-2.24902,-1.08533,-1.58226,-1.23244,0.0984199,-0.473721,-2.3594,-0.451643,-1.33566,-5.96303,-0.299749,-2.43412,-0.737197,-0.933562,-1.14471,-1.0388,-2.3274,0.200578,-0.633407,-2.14087,-0.969555,-1.07434,-0.995101,-1.73395,-1.29908,-1.13843,0.318754,0.0460469,-1.05293,-0.870455,-1.38533,-0.0790048,-6.21582,-1.43577,-2.6474,-1.1511,-1.31058,-1.29648,-0.827603,-2.8417,-1.86542,-1.4077,-0.880693,-1.37675,-1.31115,-4.40717,-0.936513,-1.83153,-1.56893,-0.85682,-0.2114,-0.805765,-3.79315,-1.58601,-1.83208,-2.31806,-11.3736,-1.17055,-0.604006,-1.71602,-0.423076,-1.3909,-0.38233,-2.07064,-4.66034,-1.7239,-0.584723,-3.66325,-0.442572,-4.05283,-5.46628,-0.956524,-1.30974,-1.11134,0.0841537,-2.19265,-0.799074,-1.15406,-1.96099,-0.639427,-11.5126,-1.79948,-1.40863,-1.1658,-1.17303,-8.47977,-2.06784,-1.66697,-0.947424,-1.60713,-1.2631,-7.99987,-0.503534,-0.383471,-4.95314,-2.2011,-0.86815,-1.86285,-1.07921,-0.671852,-1.93306,-3.22984,-1.36361,-1.95829,-2.72097,-2.21157,-0.239487,-1.27332,-0.581737,-1.67229,-1.05942,-1.19585,-1.10302,-1.96778,-1.16952,0.712937,-1.00194,-0.995509,-0.590703,-1.19847,-2.01777,-0.793576,-2.94301,-1.46941,-2.41762,-0.458871,-2.29613,-0.885769,-1.30098,-1.21452,-2.06265,-1.90523,-0.427687,-0.591148,-2.54829,-3.67419,-7.20501,-3.15213,0.304258,-1.96989,-1.18734,-0.273852,0.119058,-1.44625,-0.254534,-0.563002,-0.380776,-0.546197,-1.36332,-1.53981,-2.4369,-1.25443,-1.06871,3.37167,-62.727
,Area (50ms window), ,,,,0,11,7,127,2,22.5,20.5,1,235,24,11,287,-21.4987,65.8522,-23.4034,-40.4256,43.8971,20.6281,-26.9583,0.325728,33.9319,23.4027,-5.80847,-35.1386,43.6405,-35.2272,-49.9581,40.3741,-27.8479,24.6663,2.6598,-177.865,92.4593,-71.3359,57.9433,-32.7604,8.4266,15.8093,-19.9106,66.1335,3.32688,31.8085,-44.8658,-21.5933,-39.0977,33.0346,7.92908,-65.6114,132.779,35.1553,-96.5607,-2.49304,13.4189,-107.196,93.3801,-274.423,137.459,53.3295,3.72852,28.308,8.22332,25.037,-41.9998,37.2581,-16.1427,2.06467,-0.203036,13.6274,5.16589,-10.0143,10.7818,-28.4115,-1.54299,29.3713,-18.0222,-3.96186,23.3368,-162.873,112.168,-18.3056,23.6633,54.4993,11.113,24.6545,-8.87113,1.92879,-73.1163,32.7466,-11.8431,25.905,11.0243,17.1043,-75.7991,-28.6011,36.1412,8.61354,62.2031,-6.29436,8.93887,-10.9482,-2.7123,15.6414,11.0842,-29.1438,59.8214,-33.9708,35.543,47.2832,-24.7757,30.9644,-7.69126,20.6576,7.42283,17.4053,-99.8383,90.8535,-20.8262,-26.2428,-32.2783,42.5948,10.0936,-16.0421,6.11167,-62.0026,-24.946,45.8396,-2.53289,-27.5926,-11.1493,-21.9854,18.2695,59.7447,-58.6475,18.8692,13.2813,-102.046,57.0337,-92.9677,15.5826,49.8778,-2.85196,-16.8543,47.3282,-82.819,36.6526,11.0091,-4.75213,14.0662,16.9323,-63.986,32.1416,11.537,50.9092,-23.2716,-15.4654,-37.9514,-63.0799,69.2756,-41.2436,45.2731,6.57469,6.67906,32.5412,-24.5336,-1.2317,15.8546,5.98963,3.88922,-10.7895,-51.6742,-40.983,18.268,15.0882,48.8488,17.2976,2.56117,22.2119,6.0932,37.5957,-132.825,37.5671,-72.6708,-5.55827,35.5453,-17.9868,3.20811,-32.3106,-15.2026,-79.478,64.3855,-5.39704,-4.55235,-55.9229,74.6771,-42.9324,-35.1906,-8.43761,66.0755,21.9319,-59.2135,-10.6433,-0.217631,-5.92708,-221.745,137.919,32.8177,-10.3057,12.2985,0.14137,7.62423,-10.3163,-44.5583,24.1678,2.66758,-35.9253,23.5188,-67.6506,-10.8611,28.9286,-8.80082,29.4969,54.4637,-77.6021,44.6324,21.4997,-36.703,47.6363,-265.532,109.717,30.0157,-18.6851,5.80747,-65.3561,29.8196,-1.24312,29.3665,30.0724,31.0294,-223.713,78.7002,47.3652,-72.4072,9.05237,-38.5474,11.4635,-1.98427,0.442957,5.60703,-5.40012,-16.9683,9.71149,-26.4234,-40.2153,26.344,-24.3469,-3.61186,-30.0152,20.4897,-18.1026,8.15575,3.86482,-0.89675,59.7536,-15.5578,-13.1717,-9.38948,-31.6057,-50.9041,70.6356,-3.24097,9.19188,-18.7274,27.8826,-35.0146,3.83872,-35.7046,-55.2143,35.9567,3.16774,11.805,-7.16549,-3.84527,-53.268,-133.136,36.2604,86.7808,-41.9535,43.2933,24.4751,19.993,-14.4622,49.8555,5.08667,0.197817,18.9212,1.57926,-1.94488,-60.3667,-12.5934,7.21149,1099.73,-1775.17
,baseline SD (40ms window before stim), ,,,,0,11,7,127,2,22.5,20.5,1,235,24,11,287,0.622205,0.567196,0.496976,1.33066,0.699776,0.696729,0.608854,0.511236,0.69877,0.779123,0.844094,0.644624,0.63027,0.654261,0.450079,0.507012,0.752396,0.762114,0.460241,0.656206,0.637693,0.558194,1.05483,0.546007,0.659713,0.579207,1.6621,0.595352,0.456325,0.701398,0.786302,0.525632,0.486327,0.686989,0.794892,1.07516,1.32722,0.772026,0.504435,0.861214,0.8067,0.655275,0.695835,1.30831,0.575881,0.678582,1.34157,1.10092,0.844644,0.567423,0.496544,0.748476,0.901752,0.704281,0.720872,0.553904,0.588724,0.673505,0.670978,0.577658,0.676483,0.627294,0.573238,0.624936,0.729322,0.73057,1.03284,1.59698,0.877344,1.18313,0.59543,0.745882,0.544741,0.566769,0.603349,0.793227,0.541153,0.629471,0.5899,0.610129,0.655052,1.23145,0.606115,3.36775,0.520078,1.10036,0.645604,0.523188,0.921104,0.798902,0.565609,0.558231,0.570481,0.600384,0.546144,0.499197,0.69147,0.646283,0.585624,2.50143,0.83494,0.479105,0.657512,0.501675,0.5348,0.698421,0.945217,0.668563,0.659571,0.625427,0.449753,0.741218,0.537876,0.513142,0.527593,0.913633,0.67016,0.690952,0.586713,1.58086,0.546734,0.669432,0.529912,0.693018,0.509796,0.512964,0.515694,0.7136,0.801267,0.606194,0.585938,0.467506,1.03519,0.60691,2.13404,0.834335,0.55755,0.60269,0.485833,1.40283,0.60077,0.509418,0.51755,0.658937,0.489871,0.541185,0.55825,0.68779,0.648927,0.698175,0.496228,0.862749,2.74976,0.447945,0.621473,0.60731,0.478725,1.09964,0.850099,0.812069,0.630106,0.984397,0.506809,0.482009,0.699231,0.652861,0.597785,0.640435,0.52457,0.525588,0.529328,0.759759,0.656759,0.588224,0.57478,0.53819,0.633247,0.848455,0.589173,0.624081,0.599948,0.866893,0.620924,0.563547,0.704898,0.487592,0.636121,0.664975,0.509574,0.493978,0.504119,0.514422,0.526336,0.99044,0.659099,0.591113,0.588212,0.470921,2.69727,0.737244,0.485758,0.78743,0.735145,0.831891,0.540073,0.535383,0.748815,0.719859,0.79092,0.797841,0.727495,0.786701,0.590406,0.63929,0.517417,0.738889,0.790648,0.718644,0.663369,0.567683,1.28138,0.6188,0.858403,1.23669,0.512225,0.645754,0.559281,0.657037,1.0778,0.594872,0.460441,0.616819,0.884123,0.758957,1.85627,0.597021,0.632295,0.522684,0.579754,0.764973,0.809599,0.573863,0.776993,0.620622,0.595152,0.829124,0.82139,0.631893,0.880401,0.536077,0.785287,0.741895,0.623827,0.656508,0.474272,0.755752,0.587106,0.562696,0.731479,0.70167,0.566712,0.54346,0.879527,0.996108,1.7866,0.748795,0.718018,0.754909,0.501847,0.656215,0.736652,0.502117,0.651,0.492002,0.74903,0.558803,0.662818,0.559658,0.820404,0.58832,0.549103,1.63059,1.53986,0.44376,0.536993,0.432121,0.750435,0.673374,2.17249,0.708395
20201110c2,Trace min (20ms window after stim),01:10,RSPagl,77,1340,0,7,7,79,4,23,21,1,241,24,12,288,-4.72398,-2.45102,-3.77339,-2.42817,-2.89357,-3.99778,-1.80658,-4.69837,-2.45045,-0.556862,-0.895701,-2.97968,-1.04651,-1.27809,-1.51928,-0.103946,-1.0191,-4.19653,-3.03379,-1.16216,-3.35855,-3.51544,-3.34692,-2.26584,-0.220851,-3.40458,-2.62988,-2.2355,-2.30206,-0.152773,-1.39618,-3.45412,-2.25258,-2.2279,-1.19109,-2.43426,-1.28698,-4.24036,-1.82382,-3.58942,-0.901163,-2.65323,-2.09186,-2.55546,-0.787607,-2.95844,-2.66303,-2.48159,-0.429122,-2.46918,-1.54597,-3.04562,-2.00044,-1.69544,-4.73569,-1.24266,-2.90162,-1.54943,-3.27577,-3.69294,-1.40568,-6.40589,-2.78001,-3.80596,-1.46207,-1.26228,-3.12153,-2.34192,-2.42061,-3.39374,-0.201759,-1.99892,-2.8641,-3.8268,-3.18494,-2.10233,-3.30729,-2.01374,-3.86032,-3.44204,-1.58628,-2.94924,-3.0887,-3.25864,-2.07583,-2.6186,-1.65884,-1.26562,-3.56086,-1.50793,-2.95262,-4.38107,-1.77618,-2.53758,-2.91993,-2.93491,-1.62099,-2.17829,-4.22574,-4.08575,-1.6269,-4.02444,0.30294,-2.29287,0.327069,-1.88807,-3.12467,-1.47011,-1.91922,-0.864231,-1.63289,-5.36696,-3.48638,-3.47028,-2.56845,-3.0988,-5.38062,-0.767624,-3.57471,-3.13067,-1.89064,-0.230379,-5.14272,-1.23619,-3.14366,-2.88885,-1.59378,-2.92864,-1.32494,-2.38706,-2.31812,-2.00321,-4.50354,-2.83542,-0.0633008,-2.89301,-1.2436,-2.3245,-0.144014,-3.25796,-3.22171,-4.1056,-1.58162,-3.48777,-3.99822,-2.56106,-2.73953,-1.50984,-3.03378,-2.53792,-2.78449,-2.73003,-5.13056,-2.27836,-2.65152,-3.0281,-3.58442,-3.29478,-1.37884,-3.90306,-1.42969,-2.52898,-3.75318,-0.548032,-2.89987,-0.438404,-2.58646,-1.8083,-0.529972,-1.99231,-3.55941,-1.51094,-2.19014,-1.31095,-1.84087,-2.03365,-4.59686,-1.94459,-1.55755,-2.07925,-3.00301,-3.16896,-2.15448,-2.62545,-0.46509,-2.22832,-1.54146,-0.904252,-2.61774,-3.1247,-3.17605,-0.524054,-5.24192,-1.24632,-2.81875,-2.57135,-3.30846,-2.3255,-1.56602,-2.73044,-1.66096,-3.16536,-3.02049,-0.827274,-2.74389,-3.11311,-3.24554,-2.86753,-1.79084,-1.64513,-1.25183,-3.00464,-1.86967,-1.13026,-1.60866,-2.14231,-2.08559,-1.14577,-1.94688,-0.333214,-3.82654,0.3652,-4.28576,-0.497375,-3.8426,-0.344426,-1.52103,-2.22263,-4.04747,-2.44722,-2.6523,-2.41456,-4.03317,-1.6202,-2.82236,-0.723599,-2.6211,-1.88123,0.0142522,-2.65485,-1.39509,-4.56873,-0.68044,-3.02926,-1.7707,-2.84606,-3.57153,-1.79416,-1.72183,-2.4435,-4.11836,-0.446971,-3.5312,-1.18731,-3.29225,-3.06173,-3.14175,-3.02137,-1.80737,-3.67879,-4.15663,-0.451147,-6.63235,-1.23146,-1.22378,-3.29527,-3.3039,-2.09696,-1.58399,-0.997241,-4.16348,-1.14401,-3.48202,-3.83388,-3.70747,-1.18549,-2.19456,-1.1711,-2.58118,-3.64103,-2.18196,-1.65749,-3.15066,-1.8819,-1.80298,-1.60875,-2.06449,-2.7109,-4.31565,-18.2218
,Area (50ms window), ,,,,0,7,7,79,4,23,21,1,241,24,12,288,54.5505,33.4528,-53.4701,-6.41681,7.20421,-5.14394,-29.8766,-15.2838,-52.2809,98.1742,28.13,-36.8159,61.6454,-0.918662,11.1413,-10.3006,25.5192,-110.794,-13.5875,94.4973,17.4578,-31.2554,-17.7114,9.73261,32.4974,24.4157,87.1267,17.9771,23.6589,147.59,-45.2007,-58.0775,-6.5217,-10.5728,86.8506,-48.6028,5.59568,12.1184,36.2935,-90.9744,53.3987,32.0231,5.00006,-32.8264,73.8706,-24.4262,35.966,-21.2789,30.0104,32.2613,-8.71705,-89.9414,-20.659,68.703,-30.0091,43.6405,32.069,-9.13746,-36.3128,-70.5317,63.3398,-98.605,-36.512,-31.9279,78.9801,59.5839,-58.4769,68.6737,4.48657,-2.6478,3.11432,-47.1823,7.77647,-7.16714,-10.6765,47.734,1.83161,81.3745,-74.5248,-14.3582,43.0408,-118.287,35.5624,-17.2687,4.85738,54.6246,-36.4667,22.0047,1.61701,83.7289,13.6407,-0.670196,47.7262,-16.5812,-65.8239,13.9139,46.8956,54.777,-87.1241,-56.4278,81.2584,-47.3332,105.953,-29.8216,65.8235,7.0655,-47.0969,-19.2404,-15.5694,81.5535,82.5583,-106.677,-62.7356,10.8548,-10.3631,-56.79,-49.2343,61.8722,-47.7235,2.88385,17.4767,33.6245,-51.6917,32.159,-65.3135,-73.9222,-8.44155,-33.2723,76.7607,-54.4691,-18.7894,37.5499,-24.2633,-22.5328,29.7773,-71.7555,34.7891,-10.0643,80.7293,-25.4092,-43.0821,11.5984,27.9854,-112.33,-32.5425,52.0793,-18.1156,90.3236,-33.3834,-100.388,56.1427,52.5279,-86.8339,56.069,16.2599,-1.56322,-67.5169,-8.93025,49.5412,-36.9091,55.7196,-0.147534,-57.3207,35.5005,-2.50352,45.2818,-26.8947,-18.5243,37.9259,30.4643,-38.3507,21.5744,-36.3357,-0.604103,12.1727,97.0758,-47.3787,24.8916,-49.9578,63.2528,-29.2272,14.5699,-18.5202,-38.0261,47.5005,-13.7033,6.39556,45.5683,-42.9542,-40.6752,38.4707,22.7046,-104.633,27.3473,20.8688,29.7304,-91.7047,6.20166,66.6936,-34.2949,-44.9978,49.0082,30.0224,80.8738,-58.9794,19.5333,23.8497,-62.6995,-37.6903,61.4226,59.8815,-114.774,35.2026,23.0576,98.655,15.2408,42.6472,25.1611,32.3035,94.9485,-81.1763,31.448,-70.6879,29.2334,-14.4692,20.2618,32.2803,-23.6464,-65.5768,49.1206,-5.50924,5.43091,-29.5521,-8.22705,-1.01561,69.5463,-10.2735,43.5048,118.528,-6.82343,38.5446,-59.0343,19.9369,-75.9866,9.70475,-38.2932,-29.3661,-2.76457,1.98887,60.8077,-71.8591,77.1141,-20.7119,30.4924,-35.2022,-8.41401,55.2614,-32.6934,26.2353,-105.163,-33.9475,78.4695,-89.484,79.2716,78.8716,-39.001,41.1143,-34.3436,38.3584,-10.2997,-31.2679,4.74547,34.5135,10.7281,-35.9694,79.3558,-46.4114,66.6618,-2.9257,-54.9448,9.36151,8.51626,-24.8586,-52.82,17.0898,24.0811,0.861046,-4.41736,47.3902,-376.059
,baseline SD (40ms window before stim), ,,,,0,7,7,79,4,23,21,1,241,24,12,288,1.50817,0.91179,1.41161,1.27109,1.09265,1.29312,1.44195,1.22552,1.51209,1.31625,1.08997,1.08688,1.26431,1.33194,1.12093,1.0078,1.1821,0.9851,1.49461,1.5903,1.19467,1.29756,0.975095,0.960835,1.23495,1.33063,1.04447,1.14074,1.23775,1.18344,1.59462,1.19287,1.01411,0.967212,1.11779,1.58449,1.63094,1.04356,1.03635,1.18063,1.32651,1.19973,1.35554,1.03628,1.01624,1.01541,1.14906,1.19267,1.3733,1.19444,0.954262,0.969912,1.29747,0.920571,1.16288,1.28024,1.06569,1.28159,0.941612,1.46447,1.03431,1.08111,0.852418,1.09275,1.12228,1.27519,1.34225,1.30868,0.954803,1.23224,0.918788,1.09755,0.991961,1.16359,1.1482,1.15431,1.15246,1.09842,1.21399,0.879368,0.987032,1.37028,1.1315,1.46456,1.00144,1.25231,1.41349,1.00116,1.39661,1.5512,1.03987,1.13352,1.3102,1.32095,1.15235,1.09488,1.17748,1.0632,0.995723,1.13548,1.02947,1.39402,1.48763,1.16832,2.18332,1.11572,1.51898,1.20457,0.803387,1.18189,0.965183,1.34545,1.2024,0.977881,1.11927,1.10831,1.12071,1.41963,1.29211,1.28433,0.9519,1.40282,0.908725,1.26087,1.13631,1.43341,1.17599,0.977637,1.07558,1.11528,0.987281,1.2319,1.27187,0.855751,0.920076,1.45115,1.26945,1.11013,1.45824,0.885545,1.03439,1.15585,0.914523,1.20943,1.41462,1.37637,0.974893,0.984898,1.10591,1.10307,1.86777,1.13438,1.0704,1.31735,1.25254,1.10967,1.4527,1.09927,1.30923,0.872095,1.51777,1.25454,1.36003,0.997104,0.843767,1.5041,0.927902,0.864681,0.989015,0.926776,1.25469,1.05043,1.39115,1.23453,0.912352,0.986686,1.15797,0.987342,1.06716,0.947892,1.193,1.45881,1.04513,1.25999,1.02901,1.0181,1.21376,1.07324,1.14558,0.98373,1.03473,1.37032,1.05248,1.26465,1.28042,1.32925,1.09123,1.25277,1.0956,1.09466,0.830379,1.13614,0.723479,1.54322,0.87151,0.942057,1.08275,1.21275,1.30839,1.2393,1.06477,1.09351,0.936425,1.3727,0.958121,1.04233,1.09391,1.49634,0.979099,0.919181,0.974797,0.867253,1.36778,0.923387,0.999002,1.24735,0.9289,1.07281,1.10055,1.05626,1.00323,1.27874,1.10458,0.923709,0.95667,0.982069,1.04992,0.797629,0.917082,1.30462,0.808126,0.747726,1.38219,1.30145,1.10304,1.09837,1.06739,1.03008,1.28711,1.16616,1.23464,1.17091,1.42257,0.739325,1.10072,1.52112,0.931078,1.39493,1.51418,1.39182,1.28546,0.983395,0.896011,1.20598,0.996235,1.10009,0.792501,1.27261,1.35799,1.00498,0.958395,1.17802,0.946485,1.58574,1.45235,1.13198,1.20105,1.39119,0.949754,1.234,0.980327,0.831717,0.938229,1.10022,0.966432,1.02443,0.997879,1.35946,1.00554,1.55438
20201120c1,Trace min (20ms window after stim),01:10,RSPagl,90,1160,0,14,7,163,2,23.5,22.5,1,259,24,9,285,-3.56146,-3.09095,-3.57814,-7.63114,-10.8165,-4.5773,-5.24349,-4.04624,-8.55118,-4.82115,-1.49856,-2.71196,-5.34254,-5.36627,1.32659,-3.40795,-5.94244,-5.77361,0.24985,-14.9549,-6.00005,-2.90611,-3.08332,-4.98062,0.863719,-5.43864,-1.23791,-2.47958,-4.23464,-3.78506,-2.66648,-2.86518,-3.3502,-3.91622,-6.48773,-8.76175,-4.86892,-2.59923,-3.436,-7.71025,-6.86025,-3.21862,-1.92477,-3.11013,-2.80058,-6.04095,-1.07469,-5.64683,-0.264779,-7.43655,-2.36176,-4.35939,-1.61342,-2.01736,-4.45386,-3.01496,0.273497,-5.92632,-3.8969,-5.62466,-5.46344,-3.09746,-4.32985,-2.21538,-5.55617,-0.335256,-5.52834,-4.71564,-2.96013,-0.0101171,-6.50694,-3.7217,-3.34737,-2.59213,-2.10114,-1.63995,-4.2844,-3.73435,-1.48273,-4.62235,-4.75752,-4.37712,-3.50109,-2.50085,-2.39519,-2.22906,-5.28344,-3.44665,-2.31518,-5.00006,-2.53046,-5.31692,-1.75339,-7.99935,-2.66344,-4.92444,-9.09883,-5.70668,-5.53002,-3.46193,-5.53501,-3.22196,-5.02319,-2.73255,-5.64302,-4.37121,-3.94756,-2.91412,-3.21032,0.0820844,-2.79325,-8.16025,-1.60202,-2.8331,-2.80721,-3.42213,-4.51494,-3.94896,-4.10735,-1.37046,-4.02189,-2.7591,-1.23321,-3.9799,-4.74772,-2.54132,-7.35574,-2.36705,-3.46732,-7.62066,-7.22848,-1.7056,-4.62503,-5.14927,-3.99,-1.52191,-2.07375,-4.71168,-2.90146,-6.53121,-5.76286,-1.99322,-3.01863,-2.61195,-8.33828,-1.48139,-2.04294,-1.34337,-3.66905,-2.59408,-4.33412,-4.07667,-2.61106,-0.809134,-5.00638,-7.09383,-2.2197,-4.53348,-4.61571,-4.23275,-3.94395,-5.45318,-1.80951,-2.5435,-4.46425,-2.49982,-4.1659,-4.23008,-4.99551,-2.46474,-3.81878,-3.10276,-1.59417,-2.7463,-4.37279,-3.58567,-2.1385,-2.66703,-5.50336,-1.58001,-1.25793,-2.75594,-6.94599,-1.75387,-4.8031,-5.36416,-3.03748,-3.62369,-1.71456,-3.44763,-2.11018,-3.11096,-7.70033,-4.12823,-1.37836,-0.76193,-2.6344,-3.50533,-2.30592,-2.43701,-7.65288,-2.87433,-4.02228,-1.61351,-3.20465,-3.10811,-4.91246,-1.87864,-4.90781,-6.21092,-4.43631,-2.61511,-5.89313,-6.77096,-2.7822,-4.38426,-2.58433,-3.27104,-1.17741,-1.8139,-4.17864,-0.991174,-3.17003,-3.50252,-5.58492,-2.73214,-7.52544,-1.00957,-8.94287,-4.40898,-1.53185,-7.53752,-3.72876,-2.39772,-0.832774,-3.01692,-0.891577,-1.51222,-10.933,-2.50792,-0.236627,-4.2692,-4.6516,-1.43732,-3.8714,-6.39324,-5.0195,-5.69249,-3.16451,-2.5856,0.56628,-1.18158,-3.48058,-2.91774,-5.97941,-1.87833,-1.34503,-4.36567,-2.69579,-9.53094,-3.65705,-4.06762,-3.48281,-2.61863,-3.91471,-3.7815,-1.0888,-3.63096,-3.97193,-6.82468,-1.43919,-9.61547,-4.94917,-2.77617,-3.93393,-5.57191,-2.40379,-3.34489,-3.00446,-3.05815,-1.92843,-4.40274,-3.68426,-2.94194,-5.44103,-1.46367,-3.61305,-2.86273,-25.5766,-29.9723
,Area (50ms window), ,,,,0,14,7,163,2,23.5,22.5,1,259,24,9,285,10.7101,0.905926,-6.6228,-41.4405,-179.505,114.947,-6.86758,-33.8394,-123.266,5.41181,-5.41717,29.9697,-70.686,-29.949,100.551,13.6104,-74.727,-93.572,100.459,-278.338,25.488,118.907,-4.84447,-92.8545,190.844,-151.282,67.3006,31.5165,-57.2938,-24.8758,2.16882,-9.56748,70.8795,-25.7171,-74.5785,-307.896,0.60665,57.3749,-185.367,-113.75,80.381,-34.9387,43.6128,-20.1885,-19.982,-36.9262,60.2415,-87.8087,131.14,28.5117,-3.00317,2.80874,63.4762,12.1837,-51.9473,23.9769,81.0778,-143.455,-5.51892,7.01924,-12.0586,-9.13759,-22.1995,-3.20018,-76.5646,87.1627,28.8035,-14.8868,2.77277,65.8304,-153.841,59.8364,-23.4867,26.0681,78.7113,-1.31769,3.0608,44.7663,44.0365,-101.644,-46.5936,6.25775,0.862864,23.0078,13.1311,14.7598,25.438,-40.6051,-14.512,-50.3288,107.067,-65.0686,28.5843,-86.5838,-10.5225,-25.1521,-99.0399,-39.6701,-15.0324,44.5786,-50.4439,0.714425,-139.2,42.7007,-14.3853,35.093,-50.033,-12.8783,-31.6675,-16.6357,74.7405,-190.449,136.992,-67.349,51.7966,1.15518,43.671,10.3357,-20.7951,11.3686,27.5848,49.0718,33.1629,-55.5922,-34.3128,57.0043,-132.29,67.448,-62.1682,-7.91406,-46.9226,34.3448,-20.4945,-36.1801,43.7524,3.56754,7.69334,-67.3516,28.5545,-28.429,15.6944,-21.4988,5.26532,27.9647,-225.722,165.644,36.8595,-0.742156,-8.83732,21.4986,-6.21983,-39.2892,-18.1355,6.72022,-18.4453,-144.016,97.827,-92.2665,-9.36897,-87.7912,87.3394,13.3675,86.9097,6.74159,-67.9826,-17.4096,-3.84485,22.3598,56.4047,-30.1596,-0.228043,6.50705,23.9699,-21.6371,-27.0701,-42.0762,-29.9411,39.7635,-84.5371,23.0926,53.2829,-71.8963,21.5046,67.2808,-45.5585,-72.4608,21.3839,-25.2471,71.2421,-8.93499,-48.4081,-6.60148,2.58077,-16.5642,19.4608,47.9479,53.0996,-7.08912,-16.2746,5.1156,-24.9179,33.5231,-84.2322,3.04663,-4.70593,-13.4516,-89.312,38.5295,-73.0042,-51.1843,53.0574,-12.4261,12.0461,-61.4602,51.1207,-13.8258,81.6592,-34.4843,23.0861,-7.96875,-63.1918,101.976,26.2265,-109.972,39.6399,-44.9351,-10.9202,132.335,-104.084,11.5807,-12.5747,-87.0143,-22.0634,24.7689,-21.9838,-96.5926,118.213,151.2,-143.91,86.5627,47.298,40.9623,-118.256,48.9694,4.08617,-20.3601,25.5223,1.79176,-49.157,-27.6669,153.315,-14.3955,-8.69304,27.9796,-120.603,17.3668,24.8404,-10.8231,-18.0839,15.357,-59.9175,-61.5004,-21.3798,115.016,-40.2699,-50.431,53.9738,-7.55952,-25.6548,-68.4837,80.851,-118.968,-54.4323,64.9412,-27.6413,-13.4093,24.9408,64.1312,-84.9611,-21.027,-22.3482,-68.2247,-26.321,79.7802,-89.9687,61.0044,0.695946,19.9125,-327.112,-569.695
,baseline SD (40ms window before stim), ,,,,0,14,7,163,2,23.5,22.5,1,259,24,9,285,1.68043,1.33231,1.11567,1.39026,1.25425,1.70983,1.3555,2.03364,2.94987,1.42161,1.51752,2.3898,1.52373,1.92905,2.17894,1.80163,1.18068,1.33088,3.07658,2.14274,1.63509,1.58583,1.63438,1.56489,1.82241,1.86022,1.3278,2.12384,1.66005,1.39378,1.91585,1.5245,1.30588,1.84423,1.6795,3.36725,1.75942,1.72059,1.38546,1.5173,2.30038,1.7414,1.87278,2.01872,1.55057,1.54051,1.88972,1.39815,1.42973,2.53078,1.60728,1.30123,2.08884,1.72938,1.6134,1.51313,1.43161,1.52149,2.28528,1.25192,1.36501,1.74128,1.87353,1.58894,1.4931,1.5474,1.78547,1.28171,1.33836,2.00053,1.75185,2.28436,1.16251,1.62755,1.91126,1.80064,1.61757,1.40187,1.29171,1.64943,1.24794,1.37443,1.63256,1.42017,1.70321,1.77121,1.21646,1.39475,1.90881,1.67551,1.45365,1.22702,1.40619,1.33612,1.22255,1.89975,1.17536,2.14095,1.37991,1.0938,1.38574,1.21142,1.00394,1.41448,1.98918,1.46981,1.6024,1.25214,1.30937,2.23862,1.34321,1.71089,1.52267,3.62514,1.29392,1.59079,1.83841,1.46571,1.62134,1.53506,1.19318,1.80194,1.44982,1.35375,1.2951,1.32811,1.29991,2.07931,1.48834,1.65213,1.42449,1.96985,1.25017,1.24195,1.64348,1.34191,1.79932,1.50586,1.2531,1.46555,1.15725,1.53288,1.55018,1.37917,1.57916,1.43717,1.77869,1.40797,1.32435,2.01794,1.16275,1.21979,1.44521,1.54341,1.5394,1.60984,1.56768,1.2291,2.01504,1.32454,1.36711,1.14071,1.54741,1.22676,1.25452,1.47607,1.53303,1.51972,1.45445,1.36653,1.18804,1.31095,1.90873,1.27907,1.23256,1.35115,1.27217,1.15038,1.21399,2.32991,1.23473,1.38777,1.35027,1.40666,1.11935,1.50427,1.47506,1.25063,1.88807,1.30063,1.677,1.33961,1.6027,1.99538,1.3698,1.31947,1.38718,1.44196,1.86632,1.64944,1.50791,1.13259,1.57166,1.56165,1.43237,2.24874,1.40928,1.46354,1.40854,1.3335,1.56713,1.86326,1.28857,1.12266,1.17054,1.77399,1.41333,1.21251,2.44379,1.25165,1.42096,1.58307,1.14481,1.58105,1.26091,1.50915,1.70448,1.45441,1.472,1.42803,1.88172,1.17641,1.90295,2.80855,1.91218,1.83672,2.12805,2.43958,1.32437,1.42728,2.20374,1.22783,1.9723,1.37842,1.66401,1.88286,1.31739,1.46952,1.21236,1.71428,1.52411,1.95606,1.28931,1.26887,1.28237,2.02261,1.27578,1.15653,1.61863,1.32104,1.44496,1.54903,1.72187,1.62127,2.34174,1.4412,1.72818,1.34613,1.43228,1.23696,1.64293,3.0368,1.79726,1.2774,1.23198,1.87256,1.30826,1.47098,1.38388,1.36719,1.26818,1.49094,1.2166,1.69886,1.27206,1.45975,1.76706,1.03191,0.943513,1.93924
20201120c5,Trace min (20ms window after stim),01:10,RSPagl,89,1180,0,12,7,139,3,22.5,21,1,241,24,11,287,-3.0535,-2.83147,-4.15087,-3.98224,-2.1829,-1.46971,-2.62688,-2.51842,-4.13139,-1.01,-2.57675,-1.47832,-1.44759,-2.33907,-1.74173,-2.58247,-3.37932,-1.89435,-4.66347,-12.1437,-2.04413,-1.24063,-0.69887,-4.82797,-1.59801,-0.894299,-4.28172,-1.80437,-2.19894,-5.81692,-1.29518,0.414314,-3.40458,-2.34058,-5.03549,-3.45074,-1.84726,-1.13761,-1.00959,-3.07499,-2.55673,-1.60523,-3.81705,-18.0863,-3.21956,-3.33032,-2.59405,-3.15777,-1.37202,-2.02994,-3.2016,-1.68492,-0.885662,-2.18359,-2.52569,-3.80367,-2.6335,-1.97129,-3.10072,-6.70706,-1.26436,-1.30554,-4.24624,-2.75044,-2.43207,-3.84126,-1.88522,-5.99813,-0.830935,-2.54166,-3.291,-2.21087,-1.12593,-0.921151,-1.47107,-2.77017,-0.816713,-2.59675,-2.26129,-2.08407,-2.1292,-3.3186,-1.89603,-4.11463,-1.95655,-2.59074,-2.62504,-2.23388,-1.18488,-2.2647,-4.28952,-1.79115,0.0363805,-1.23216,-2.90515,-3.30003,-2.72416,-4.10429,-3.20067,-2.74294,-2.54084,-3.10737,-4.71367,-0.619409,-2.42127,-3.21865,-2.90872,-0.580675,-1.56959,-9.79668,0.21357,-9.69703,-0.896857,-3.16106,-2.0096,-1.5574,-2.01262,-4.54547,-1.67295,-3.18491,-6.24584,-1.65286,-2.09472,-4.77542,-0.954288,-3.73237,-1.77107,-1.5821,-2.2362,-1.16837,-3.23006,-3.1014,-0.669952,-2.56244,-2.67606,-2.0224,-0.685123,-3.00133,-4.07488,-7.07372,-3.68995,-3.64315,-1.73198,-4.00736,-7.21185,-1.20753,-4.87919,-2.34843,-2.10743,-3.90017,-2.53057,-1.86328,-3.70589,-2.01359,-1.58108,-2.08191,-2.86455,-1.56732,-2.33407,-0.879957,-4.01087,-1.6083,-0.151198,-2.10933,-3.21611,-2.22777,-1.3953,-2.49489,-3.67512,-4.18889,-0.94645,-0.982128,-1.91688,-1.31356,-2.47,-2.40053,-1.42126,-1.74351,-0.99705,-1.26242,-4.27548,-1.87152,-1.66812,-2.59634,-0.0126906,-3.95852,-3.94659,0.0276255,-2.06009,-3.14515,-1.49297,-10.4853,-2.17841,-5.16439,-3.14036,-2.78927,-2.90991,-2.75122,-2.52118,-2.67185,-1.37881,-2.85688,-4.18027,-0.95469,-0.933421,-3.4709,-4.25967,-4.25749,-1.27651,-6.00317,-2.76143,-2.05609,-6.1257,-3.38823,-3.24066,-2.44801,-3.83058,-0.713874,-1.16359,-4.09344,0.00548922,-2.01895,-3.04716,-2.05387,-1.88418,-1.43884,-12.1377,-0.787157,-2.64847,-1.65078,-2.75715,-2.6191,-2.6964,-3.34178,-0.937006,-0.576209,-1.75664,-1.79604,-4.1869,-4.94644,-3.13342,-2.40317,-3.10501,-3.10039,-5.91183,-1.92949,-2.76668,-1.55631,-2.83769,-0.726626,-2.1058,-0.469829,-3.58515,0.175803,0.315419,-0.0753251,-1.11232,-3.9085,-2.55349,-3.80715,-2.83483,-2.66609,-2.49301,-3.15619,-3.74472,-3.52243,-1.64555,-2.39067,-0.871208,-2.04245,-5.29703,-13.6129,0.297267,-4.09424,-1.36755,-4.30462,-3.03588,-4.01359,-1.72865,-2.17274,-1.59879,-1.7821,-4.8806,-2.55248,-1.85616,-1.95636,-1.40788,-2.22124,-18.6678,-65.416
,Area (50ms window), ,,,,0,12,7,139,3,22.5,21,1,241,24,11,287,-5.88994,-21.8203,-6.68422,2.90238,15.5461,-2.73261,-30.4708,23.8031,-54.1706,82.3177,-28.3397,36.7562,-48.2933,-15.0447,68.654,-14.8074,-4.31292,1.73774,-76.2837,-173.973,136.331,52.8443,-31.0451,-63.9665,70.5746,26.1239,-63.9413,13.2922,-16.8322,-85.7659,73.1083,81.3841,-45.4522,5.35355,-88.4328,16.3682,82.7532,22.9312,-30.7783,21.5404,13.9404,-11.7735,-36.7472,-374.844,194.179,2.74483,15.0463,-51.5755,58.9123,-51.7267,-27.4254,-0.982929,-28.3976,72.4105,50.8907,-75.8862,4.44998,33.1597,-1.60514,-131.493,79.54,25.1759,-49.1315,13.2771,-12.7778,-50.532,33.6119,-80.4255,114.179,29.1328,-29.3136,5.4615,18.4334,105.326,9.76922,-25.082,39.5874,9.55071,31.6831,-14.2789,-35.6212,-45.8369,65.2449,-88.4116,50.6548,-5.83347,-32.8343,45.6164,18.3562,-23.5737,-65.1178,19.4174,113.393,3.17218,-16.0041,-12.668,-32.506,-23.6219,35.5551,-11.7661,29.7086,3.67685,-66.1647,49.6705,-30.6503,-49.896,-14.731,57.323,37.8843,-118.649,124.07,-181.334,146.404,-67.7396,16.6906,43.7629,-55.0333,-57.7098,48.2794,-3.42358,-80.5337,32.3167,31.7624,-110.811,72.4542,-69.0617,28.8724,64.0071,-26.243,-37.9075,-20.842,-26.7914,38.2502,10.9423,16.0002,-29.3434,81.978,34.4679,-36.5516,-143.503,-3.12656,-57.049,-0.389292,-27.9536,-120.917,84.4615,-128.613,-3.70046,49.8731,-42.3647,74.3458,-57.7075,-29.1818,-7.40144,19.0027,21.3933,49.7436,-30.0887,-23.2944,66.0045,-74.3748,-18.3449,49.1003,71.4598,-25.7566,-9.72472,6.60994,14.5255,-38.5872,-79.6357,90.7372,27.856,13.5516,-10.7783,52.0416,3.16637,67.4702,12.4378,48.4695,-21.6841,-68.0667,41.2341,-9.11761,1.9938,101.84,-84.6865,32.1952,58.2749,-59.9642,-19.1053,32.0267,-238.225,89.3165,-105.517,-38.1959,-30.6609,-30.6739,-22.6593,-18.7905,36.7879,52.5189,-30.1566,-27.8597,76.098,37.8188,-16.5758,-23.7727,24.0649,33.8322,-14.2226,32.783,22.6018,-64.7414,-5.44443,-9.56458,2.65247,-7.33858,62.2319,11.0485,-44.7816,92.2153,8.53209,-72.1572,54.5209,4.74713,1.55996,-271.325,151.368,-17.824,54.3122,-24.1798,36.5087,-17.3867,-33.5095,84.0874,34.386,7.62863,36.7059,-47.7055,-20.2326,-8.05092,58.6121,-70.9628,-9.11252,-16.0863,39.6658,-68.4255,-2.1359,-3.0199,29.7857,27.8127,57.2888,-94.6949,95.0763,40.8894,14.9805,0.60054,4.38084,4.13805,-19.9819,0.0538397,-50.1345,69.052,-27.8231,-34.6903,-21.6579,-0.888231,29.5703,40.5251,-15.5027,-22.4198,-210.009,169.297,-68.7544,59.0705,-22.7115,-13.0699,-10.746,30.8222,-58.9372,47.5806,-10.7011,-62.22,62.4544,21.4332,-80.0437,100.382,-18.1683,-488.477,-1427.37
,baseline SD (40ms window before stim), ,,,,0,12,7,139,3,22.5,21,1,241,24,11,287,1.40712,0.811403,1.16433,1.00637,1.05307,1.50612,0.90528,1.12979,0.995265,0.949106,1.06797,0.862924,1.60763,0.898641,0.792489,1.02874,1.02759,0.978222,1.02352,0.901485,0.959396,0.924754,1.01649,1.00563,1.3066,1.0893,1.02447,1.1554,1.28457,1.09454,1.1014,1.11906,1.15866,1.1924,1.38485,0.969545,1.18066,1.27144,1.01447,0.799155,0.925247,1.46001,1.42598,0.876719,1.18823,0.969458,0.831657,0.869288,1.11836,1.1711,0.952436,0.833043,0.899962,1.16608,1.09893,1.17053,1.01982,1.10506,0.849432,1.02531,1.1123,1.50915,0.965818,1.0072,0.964186,0.867419,0.993336,1.13641,1.21449,1.06923,1.01326,0.960362,0.977569,0.830605,0.968372,1.00582,1.02864,1.24186,0.945088,1.03295,1.06696,0.991045,1.18413,0.882156,1.00835,1.34403,1.10536,0.976093,0.928502,1.00352,1.01618,1.08607,1.23682,1.38232,1.13876,0.944461,1.17991,1.35282,1.13091,1.0729,1.02787,0.854329,0.980243,0.957149,0.940048,0.981695,1.06322,1.06221,1.4001,1.16386,1.41809,1.07335,1.10766,0.879665,0.952232,1.16026,0.902461,0.994597,0.992378,0.916353,0.969009,0.809802,0.839739,0.930167,0.935822,1.10473,1.04268,1.02167,1.14478,1.30787,0.958229,1.22929,1.10669,1.0486,1.01074,1.21483,1.24049,0.952575,1.03365,1.0117,1.01145,0.933718,0.906172,1.29984,0.943966,1.04316,1.04776,1.08103,1.25752,1.14727,1.00985,1.11437,0.987438,1.09351,0.858392,1.23798,1.23147,0.859496,1.06916,0.986516,1.11787,1.22941,0.94024,0.959755,1.21509,1.22474,1.15179,1.13512,1.25883,1.1259,1.06568,1.51664,1.1603,1.04356,0.970823,0.986831,1.23682,1.27246,1.04081,1.2969,0.965033,0.894401,1.12724,1.09751,1.10132,1.09047,1.32665,0.922187,1.27722,1.12621,1.81442,1.08437,0.94173,1.16738,0.914834,0.826948,1.26737,1.23031,0.930076,0.788859,0.948858,0.890778,1.02022,1.35056,0.915042,0.925237,0.963779,0.872073,1.11022,0.950266,0.988139,0.982542,1.28131,1.34732,0.970543,0.968123,1.1964,0.910339,0.900007,0.81779,1.02811,0.889187,1.19943,0.926395,1.05473,1.02077,1.01755,0.938199,1.02346,1.12143,1.08782,1.03185,1.11914,1.02165,1.23552,1.00948,1.21571,1.26396,1.65882,1.04107,1.28213,1.03125,0.908303,1.09879,0.89061,1.79603,1.05041,1.18309,1.10943,1.4052,1.58652,0.967486,1.01039,1.11992,1.21121,1.5781,0.822867,1.00713,1.04991,1.29146,0.801379,1.75492,0.843615,0.823148,1.0947,1.11697,1.07847,1.54399,1.73984,1.26526,0.987987,0.980164,1.65237,0.980149,1.16995,1.13011,1.01333,0.970998,1.27795,1.00768,0.983663,1.04907,0.897299,1.32559,0.975576,1.1181,1.14585,1.12666,0.993746,1.38913
20201120c8,Trace min (20ms window after stim),01:10,RSPagl,87,1270,0,10,7,115,3,23,23,1,265,24,9,285,-3.16175,0.300668,-3.74425,-0.84469,-7.43073,-1.55463,-1.96669,-0.444833,-2.32253,-2.01333,-1.7344,-1.44672,-3.19364,-2.03393,-1.50891,-0.948965,-2.60266,-1.86017,-2.1479,-4.19866,-2.22993,-1.97505,-0.606327,-1.16574,-1.39967,-1.80749,-1.89902,-10.9096,-2.72681,-1.39234,-1.21259,-0.85816,-5.38441,-0.96939,-1.06844,-1.95723,-0.521357,-0.937481,-1.00122,-2.03353,-1.07132,-2.19472,-1.53505,-2.14642,-2.51616,-1.73149,-1.1727,-0.642258,-2.10424,-1.02244,-0.584801,-2.82769,-1.15994,-1.58517,-0.801633,-1.33779,-1.43561,0.0873306,-1.49653,-1.9321,-1.88903,-0.678908,-2.1349,-0.23321,-1.99751,-1.07819,-1.61547,-0.953423,-1.19929,-2.48538,-1.76231,-1.51822,-1.59329,-1.64256,-2.5341,-1.79031,-1.72462,-0.944349,-1.45593,-1.18935,-2.35505,-1.08186,-0.341775,-2.58801,-2.32654,-1.53319,-1.6359,-0.829676,-0.331103,-2.32667,-1.52086,-1.66651,-1.20152,-1.15601,-2.05339,-1.07008,-1.11151,-1.12893,-0.441708,-2.20311,-1.83464,-0.390401,-1.27563,-1.06621,-2.27505,-0.753316,-1.73465,-1.56121,-1.72764,-0.808623,-1.2074,-2.29062,-1.00893,-1.40415,-0.949661,-1.97798,-1.22034,-1.97363,-0.515469,-1.72632,-1.23196,-1.0487,-9.95609,-0.971972,-2.4113,-1.00732,-2.94609,-3.31319,-0.524499,-1.27051,-5.0675,-1.97166,-0.87615,-1.01483,-2.11118,-1.53219,-0.927415,-4.37273,-1.75459,-4.96729,-2.20651,-1.29465,-0.95541,-1.39677,-8.62876,0.0494434,-1.93095,-2.73129,-2.06798,-4.50472,-1.65338,-0.98179,-1.9933,-0.629129,-1.45605,-1.9892,-1.46911,-2.27974,-2.04116,-2.07978,-1.57899,-0.956294,-2.59994,-1.07942,-1.46214,-1.02616,-2.42412,-1.78275,-0.862589,-1.77641,-2.05678,-1.29926,-2.94036,-2.2989,-1.86012,-1.25402,-1.67774,-1.98766,-2.03372,-1.46956,-1.90315,-0.740035,-3.57174,-1.69397,-2.04399,-1.31,-0.990298,-1.92083,-0.791284,-2.06813,-1.28225,-0.723101,0.252449,-2.17926,-2.14674,-1.39838,-3.35983,-1.7226,-2.28058,-1.08339,-1.75723,-2.91283,-2.45447,-1.97451,-2.01532,-1.83925,-1.50161,-0.571598,-0.692334,-1.43491,-2.23217,-1.19196,-0.925497,-4.35448,-8.93998,-1.24014,-0.735903,-2.58363,-1.78951,-1.23915,-0.623509,-0.797955,-2.60792,-1.9844,-0.771642,-1.60056,-2.98601,-1.62447,-2.8895,-1.1664,-0.758211,-1.34156,-1.89657,-1.18612,-1.53096,-2.3652,-1.68032,-1.85847,-0.959334,-0.96557,-1.22839,-0.739275,-1.39741,-1.65006,-1.37167,-1.98169,-1.75515,-1.55109,-1.46645,-1.02429,-1.05847,-1.19241,-1.30418,-1.18543,-2.09127,-2.19583,-2.65682,-1.13226,-2.22695,-1.38925,-2.23224,-0.64703,-1.78647,-1.56221,-1.14985,-1.51674,-1.65682,-1.26342,-1.99994,-1.42493,-0.759725,-4.76651,-1.33984,-1.03611,-1.4339,-1.02755,-1.58371,-1.75816,-1.50914,-1.21668,-2.28,-1.82737,-0.469783,-2.09059,-0.757098,-2.16562,-1.50415,-2.52767,-46.2363,-68.7097
,Area (50ms window), ,,,,0,10,7,115,3,23,23,1,265,24,9,285,-63.7583,50.3119,-58.2643,69.2214,-144.591,73.4851,-6.62898,15.6624,-27.6852,3.3161,-72.1998,12.8014,0.341457,26.6792,16.7482,37.7522,-42.8493,-2.95778,-8.79563,-82.674,9.67726,14.0026,21.146,-21.6045,0.275031,-5.48497,37.4849,-144.292,73.63,-12.2906,5.79271,-3.19321,-133.241,74.4308,-4.93884,20.3769,2.02391,37.6373,10.7049,-27.0961,26.7612,-2.64558,10.2495,-43.5759,4.57143,16.8632,27.3243,-2.91017,-4.41063,-20.3713,39.4425,-4.37858,32.4195,-13.8883,35.9469,-0.245677,2.294,46.5473,-8.86191,-22.0929,36.7275,-8.26051,6.11177,29.4433,-18.1207,3.89985,-25.7827,14.9041,5.10055,-4.63275,12.0821,37.3411,-4.88745,-11.2633,-44.6843,32.0078,-6.45945,19.8895,-4.13318,-1.45251,-36.6199,-8.34071,32.7566,-27.0395,24.9818,-8.00622,-5.29518,-2.97049,41.2502,-2.72538,-20.1555,-15.7011,-1.76085,-17.4682,0.885115,25.0663,2.60275,-1.52324,8.79992,-36.4813,1.09819,59.6396,-26.2113,19.3904,-33.1022,19.1625,15.0306,6.72562,-15.4487,23.2912,27.5998,-10.9399,24.2278,-5.00934,-19.7644,10.3303,23.9652,-4.1,12.0862,4.76372,6.3061,32.9323,-211.5,105.837,-58.1645,13.5799,-77.1944,-7.99528,37.3239,75.8035,-99.9604,61.2029,-2.03108,19.6911,-39.5813,8.09024,12.2315,-71.413,18.1641,-62.8371,21.0644,34.9786,-12.5029,13.1065,-182.257,135.578,-17.378,-34.7899,-5.95461,-42.3588,29.0491,6.9203,-14.0295,-6.69312,-2.02185,-24.1704,34.0629,-8.22574,-0.654988,35.3358,-20.0508,27.1279,-55.0939,26.3957,-14.2571,-11.5749,-11.1372,2.73167,21.9503,22.9068,-22.4794,1.95409,7.51125,-21.2733,-11.678,9.39286,-23.1539,13.9651,1.28167,35.2306,-29.6682,-6.32368,-5.00995,19.3987,-31.6429,5.3966,-1.18476,-8.68226,31.1375,-16.1554,11.3305,6.96561,31.7735,21.3628,-28.6564,-14.5803,-9.61187,36.3227,-62.1874,18.682,19.2735,-5.4311,-2.95368,-28.9944,8.52819,-20.542,-4.31934,18.4956,20.1332,2.57965,-14.1424,-27.9837,14.9927,-49.8233,-136.263,88.3579,25.2868,-38.7585,0.704143,5.83364,23.5952,22.5123,-40.5703,-19.1938,61.6922,-18.6632,-31.8425,15.797,-29.6592,7.60838,-22.9248,26.1348,-18.5798,-7.2703,20.666,-24.484,47.8325,-12.1564,-12.4143,8.75237,2.93228,26.3509,-5.44805,-2.56318,-11.5109,-23.6932,-12.3578,-2.02218,26.273,-1.5585,2.99416,8.81384,4.82749,-21.6163,17.0962,-28.202,-13.2254,21.8242,24.3681,-12.851,-11.7604,31.9916,7.95497,10.5386,-24.2043,20.3294,-15.7267,14.7159,-8.25974,17.128,38.5349,-80.4589,43.4258,-2.9754,-9.94489,24.5627,-11.9767,-38.1087,7.84536,1.67401,-17.2866,1.63182,42.8185,-54.1154,14.3598,-12.7448,22.6067,0.366241,-751.385,-1208.05
,baseline SD (40ms window before stim), ,,,,0,10,7,115,3,23,23,1,265,24,9,285,0.718109,1.3836,0.695702,0.786307,0.598145,0.57785,0.673817,0.869998,0.649217,0.653302,0.688369,0.738649,0.675934,0.880833,0.689161,0.659301,0.834888,0.622214,0.866277,0.89583,0.699151,0.648492,0.666995,0.733438,0.606457,0.599568,0.698947,0.817979,0.758486,0.729793,0.766266,0.816828,0.715884,0.798493,0.608911,0.66081,3.14774,0.821906,0.524158,0.693751,0.814835,0.825526,0.777426,0.76874,0.651373,0.63588,0.805823,0.790321,0.682809,0.735472,0.828126,0.896243,0.693128,0.643157,0.57037,0.780782,0.671877,0.72074,0.680876,0.917318,0.634615,0.637142,0.797933,0.78606,0.69048,0.717417,1.01634,0.608645,0.770498,0.772029,0.616707,0.770057,0.710562,0.760239,0.883114,0.851839,0.664783,0.675098,0.737807,0.600035,0.653252,0.625545,0.728574,0.661865,0.638927,0.669858,0.8295,0.602214,0.69244,0.677877,0.754405,0.714309,0.693894,0.81833,0.610535,0.837878,0.706774,1.03542,0.744823,0.718924,0.614855,0.687475,0.64929,0.615797,0.776177,0.699323,0.695653,1.0628,0.747474,0.645256,0.769506,0.76861,0.640476,1.01647,0.762583,0.895481,0.718635,0.730318,0.847839,0.770439,0.768333,0.99,0.735977,0.623053,0.922288,0.692673,0.8,0.618185,0.709489,0.993909,0.812139,0.709394,1.03402,0.749776,0.661763,0.637457,0.725869,0.643778,0.697718,0.669276,0.602243,0.694162,0.688183,0.612632,0.730719,0.786325,0.680865,0.649658,0.611801,0.591494,0.58122,0.700161,0.73426,0.615769,0.854325,0.613177,0.621386,0.693806,0.682215,0.669291,0.744063,0.782581,0.633559,0.669125,0.738342,0.709211,0.803887,0.768788,0.68769,0.610572,1.33149,0.948027,0.798882,0.671977,0.70841,0.676089,0.647594,0.604907,0.702713,0.70909,0.712624,0.818341,0.703176,0.640678,0.617114,0.719727,0.678908,0.683291,0.52869,0.726824,0.727502,0.756577,1.46812,0.769946,0.761368,0.808559,0.686348,0.757354,1.02348,0.621639,0.686073,0.587414,0.614496,0.650942,0.936997,0.675325,0.734517,0.691969,0.610352,0.721817,0.539543,0.715603,0.752204,0.73729,0.663502,0.64639,0.736159,0.621136,0.561654,0.804609,0.79335,0.683554,0.640626,0.693875,0.675989,0.607461,0.664702,0.800042,0.677398,0.639522,0.883614,0.648235,0.657041,0.702467,0.651534,0.896605,0.80916,0.608628,0.684601,0.693821,0.611679,0.65626,0.675107,0.632482,0.644974,0.801267,0.992789,0.671438,0.727599,0.628008,0.773409,0.659179,0.638183,0.799019,0.814968,0.718426,0.580687,0.68943,0.619662,0.769753,0.664324,0.990789,0.763488,0.656463,1.01117,0.73113,0.604698,0.657194,0.668961,0.634508,0.710297,0.734477,0.560448,0.675371,0.664434,0.738464,0.745897,0.963706,0.64846,0.79663,0.636805,0.713951,0.89998,0.812208,0.810022,0.659608,0.822658,0.711712,1.76821,1.17387
20201120c9,Trace min (20ms window after stim),01:10,RSPagl,87,1320,0,13,7,151,3,23,23,1,265,24,9,285,-1.62058,-2.88848,-3.67884,-2.87146,-3.47153,-1.05413,-2.33622,-2.47306,-2.81847,-3.22994,-1.13253,-1.75175,-1.83118,-1.45095,-3.50324,-3.22941,-1.58194,-2.80942,-2.10404,-15.3488,-1.37143,-3.35871,-3.53445,-3.18121,-0.6296,-2.131,-3.73352,-1.59017,-2.45955,-3.16603,-1.54293,-2.0458,-10.3108,-2.1602,-1.2806,-2.07155,-2.18003,-2.48433,-4.4174,-1.25494,-3.47667,-2.43337,-1.38165,-1.28674,-1.23766,-1.72421,-3.1159,-0.745523,-1.169,-1.22493,-0.282734,-5.62811,-1.08077,-0.883361,-2.29076,-1.39927,-1.20559,-2.5958,-4.12902,-1.86987,-0.666528,-1.99956,-1.96611,-2.38338,-3.65934,-0.294043,-1.05271,-1.5131,-2.9901,-1.05111,-3.80835,-2.17701,-2.00129,-1.58073,-3.5181,-2.63032,-1.66111,-2.49276,-1.59539,-2.02636,-1.80948,-1.30564,-2.05926,-2.15999,-1.16883,-1.30195,-1.59005,-4.09038,-1.67359,-1.004,-1.13178,-1.48248,-2.28173,-4.03607,-1.60221,-1.54285,-4.11601,-0.358142,0.0437183,-1.90507,-1.1702,-2.49708,-2.03749,-1.37409,-1.66401,-2.31426,-1.60989,-1.30024,-1.57086,-2.53559,-1.87742,-1.6359,-1.83168,-1.6494,-1.83395,-3.02089,-2.41313,-0.661334,-1.71,-1.44709,-1.40492,-0.266472,-2.88005,-1.58994,-3.39274,-2.25446,-1.32108,-2.21379,-2.48037,-1.5723,-19.1306,-0.854195,-1.18581,-3.31224,-1.55529,-1.67817,-2.13051,-1.66239,-1.07589,-15.5385,-2.37998,-2.242,-1.52826,-2.49809,-5.47059,-1.72463,-2.02209,-2.44021,-1.50284,-3.72806,-1.72515,-1.51334,-2.86606,-0.858776,-2.18474,-1.80037,-2.53919,-2.42488,-2.41715,-2.45058,-3.45117,-6.70038,-3.04588,-2.70222,-2.26446,-3.00251,-3.25546,-2.85981,-0.45208,-2.8039,-2.44667,-1.99504,-1.42348,-1.09042,-3.63342,-1.36492,-1.60234,-2.08352,-0.501896,-1.30121,-1.61624,-1.17893,-1.82228,-1.74862,-0.35802,-2.27711,-1.40322,-1.83248,-1.4653,-2.39959,-1.41015,-2.83984,-1.75041,-3.09849,-1.11002,-2.59928,-1.30055,-2.30497,-2.18772,-2.56373,-2.79623,-1.84945,-1.67431,-1.21984,-1.88738,-1.75288,-1.13822,-3.45661,-1.8673,-3.38767,-0.638677,-1.69508,-1.6909,-0.928276,-2.8111,-1.95684,-1.84419,-0.924484,-3.95842,-1.19319,-3.88317,-1.04893,-1.40479,-2.33014,-3.40377,-1.42302,-4.7944,-0.912716,-1.28644,-0.924876,-2.89241,-1.51926,-3.02589,-4.06719,-1.73514,-1.56892,-3.62824,-1.29511,-2.55046,-0.511341,-1.49564,-0.909472,-2.19948,-1.88193,-0.777813,-1.19912,-1.28364,-2.45515,-2.31436,0.460604,-2.49619,-3.22944,-0.582374,-1.50536,-4.09094,-1.4423,-3.461,-3.693,-1.59529,-3.00167,-2.166,-2.98086,-1.04034,-3.35257,-1.24971,-1.77558,-1.14908,-1.5514,-1.46646,-1.091,-2.13942,-13.5184,-0.465602,-2.32188,-1.02816,-2.75715,-1.57158,-2.7167,-1.35941,-1.38748,-2.09079,-1.67781,0.22455,-1.85646,0.458399,-2.79216,-1.65241,-2.59398,-15.3837,-49.4349
,Area (50ms window), ,,,,0,13,7,151,3,23,23,1,265,24,9,285,-24.2582,-14.3379,-35.9792,10.26,-47.4412,19.5456,-10.4659,-4.44667,-17.8834,-32.5122,43.9807,-7.60844,-6.70977,21.7549,-10.4087,-1.1557,-0.181957,-7.79293,0.484847,-301.344,194.749,-43.5465,-44.9637,-60.1064,48.5025,-7.34333,-12.7822,36.7988,-16.5791,-11.5688,13.9775,-16.5661,-216.196,109.388,7.55274,35.6526,1.72935,-4.20923,-46.1155,69.5386,-8.37137,2.70104,15.595,-6.03827,33.9439,21.3648,-45.4956,31.8027,4.24683,29.6666,3.6047,-57.2267,57.978,-3.43617,10.1596,30.2481,-4.55426,40.056,-37.8552,16.8483,-4.05565,19.7613,25.085,-37.4089,-68.6167,74.3118,-21.9667,28.0159,-14.8455,50.2785,-39.619,-4.34637,2.7253,-4.93787,-78.4527,12.2231,51.8972,-13.7833,-5.07835,-8.35872,-41.8476,42.0751,18.3388,7.53789,8.84872,-2.97073,-8.28125,-28.6237,31.8015,4.73954,-24.5657,28.4639,53.7176,-106.084,58.1372,18.2723,5.05528,3.88596,15.9097,-5.40464,-4.27282,10.3837,-7.77047,35.0545,7.47994,-12.2003,1.75823,-7.62343,-0.797546,20.052,-1.57097,1.01628,5.88214,5.97389,24.6382,-36.4105,-21.6679,58.4011,-14.4362,2.17394,-8.09409,37.2377,-39.5157,10.3175,0.63223,-19.9528,22.5646,-12.0526,-21.161,0.333626,-392.689,191.62,0.43171,-51.1227,43.2589,33.1148,5.51315,4.93425,3.7153,-296.191,146.179,-6.68625,18.8783,24.0356,-124.785,31.3046,12.5305,-17.8845,16.9389,-46.5783,36.1387,13.416,-45.4137,22.3864,-6.0798,10.995,-20.064,-0.815076,-8.73649,2.15405,-32.0036,-24.2316,-54.7108,-9.75525,33.9283,-31.2886,18.9819,-4.1209,42.1963,23.3444,-24.7522,27.24,16.7292,3.94707,-23.3462,-1.31542,-22.9663,-19.3825,38.6218,27.6264,-19.8254,20.5822,-7.52829,-9.93454,42.7845,-32.158,2.58851,-17.4225,-18.8554,3.08912,21.5106,-63.7388,52.0233,-15.5555,-11.4108,-10.9131,0.0289464,-6.8514,-8.50099,3.88137,-7.44043,-8.83314,13.6521,3.29643,2.4137,-16.9588,-27.0697,-19.9995,-5.13701,-31.3084,80.9622,20.9271,-7.43408,42.1428,-17.4096,22.1759,-53.1556,23.9006,-42.667,-4.05109,-15.518,62.0043,3.22537,-66.5925,-5.13846,35.1124,-54.4549,34.7611,7.90358,36.4848,-52.4032,57.0331,-54.9042,-49.8553,-1.86852,32.5449,9.05529,7.12269,-39.2421,34.8492,-0.961458,-9.00836,-46.1171,16.4008,32.5675,39.1371,-11.7526,-14.9415,-14.1665,57.568,-3.57454,-44.1058,59.8487,30.8886,-22.229,-40.9125,2.19217,-32.3995,11.4098,-72.8079,35.6058,-10.3736,-16.9438,16.8402,18.7813,34.2689,-10.5097,-6.46368,15.8559,1.34645,1.97997,-292.545,162.781,-9.75096,-23.8292,0.585424,5.79975,20.8828,23.6537,3.56138,-45.8766,-17.8688,41.8637,4.74915,78.6459,-43.2706,8.2087,5.27597,-297.092,-1291.02
,baseline SD (40ms window before stim), ,,,,0,13,7,151,3,23,23,1,265,24,9,285,0.855628,0.721875,0.777887,0.738531,0.896506,0.74227,0.664473,0.705978,0.845818,0.726258,0.907212,0.80243,1.03963,0.965703,1.02273,0.766046,0.812775,0.893724,0.82668,0.878786,1.00085,0.774568,0.772027,0.814828,1.19356,0.743083,0.745982,0.822613,0.719073,0.932223,0.862288,0.764437,0.797512,0.889899,0.71321,0.821288,1.05938,0.832597,0.672598,0.729646,0.908192,0.911625,0.860324,0.870377,0.671446,0.824186,0.796446,0.696488,0.714475,0.796866,1.01663,1.0638,0.959694,1.34578,0.859192,0.73979,0.820437,0.698404,0.896207,0.703577,0.78044,1.0748,0.78763,1.02051,1.03584,0.734719,0.816868,0.863629,0.690824,0.959551,0.642139,0.920108,0.733074,0.871456,0.736853,0.72495,0.714756,0.783348,0.702143,0.721282,0.774076,0.907533,0.782822,0.716999,1.04423,0.649936,0.736844,0.794741,0.869135,0.763361,0.926969,0.953701,0.776047,0.813792,0.867392,1.63546,0.638643,0.858016,0.867207,0.908999,0.858083,0.930552,0.812053,0.648171,0.682549,0.670671,0.897374,0.845416,0.81473,0.809492,0.85224,0.969466,0.817473,0.669105,0.631951,0.74548,0.806417,0.722873,0.835025,0.731956,0.743678,0.878952,0.733088,0.702272,0.832286,1.02134,0.627519,1.21613,0.809858,0.613849,0.669122,0.799595,0.892515,1.26656,0.925894,0.887054,0.895677,0.789253,0.870503,0.868844,0.851261,0.813154,0.885442,0.738178,0.682847,0.73755,0.810615,0.730308,0.808135,0.792942,0.714808,0.958814,1.02085,0.912232,0.767687,0.845761,0.899699,1.05722,0.979451,0.795463,0.914058,0.696106,1.01893,0.909608,0.790934,0.801116,0.716004,0.719567,1.31651,0.75057,0.667217,0.802339,0.851445,0.916361,0.964766,0.731371,0.910794,0.812387,0.864698,0.831127,0.800853,0.594468,0.854422,0.852972,0.814101,0.768075,0.884137,0.791997,0.837253,0.75054,0.752475,0.655152,0.668875,0.707507,0.838469,0.923455,0.696053,0.767633,0.723431,0.752008,0.754232,0.816991,0.793936,0.795515,0.624218,0.704644,0.825317,0.809465,1.01525,0.92705,0.649063,0.688196,0.998116,0.849928,0.742699,1.11873,0.717997,1.34714,0.8488,1.01959,0.755899,0.751759,0.847681,1.17168,0.814534,0.735742,0.754602,1.01549,0.752564,1.24785,0.655545,0.93604,0.912447,0.7072,0.709228,1.07981,0.714817,0.681745,0.655617,0.625223,0.813311,0.767353,0.783878,0.844854,1.15555,0.922844,0.678432,0.822275,0.642657,0.884015,0.925406,0.665955,0.911173,0.591148,0.784511,1.03542,0.907488,0.909343,1.01336,1.02189,0.859232,0.699321,0.735295,0.8258,0.80167,0.771704,0.818147,1.74255,0.720556,0.709213,0.764157,0.894698,0.807261,0.78068,1.01315,0.869807,1.01708,0.914066,0.705006,0.779747,0.900162,0.580009,0.851345,0.668979,0.951323,0.890697,0.780033,0.787736,0.921193,0.861921
20201120c10,Trace min (20ms window after stim),01:10,RSPagl,87,1300,0,11,6,126,4,23,23,1,265,24,10,286,-3.20983,-0.991593,-1.78718,-1.25885,-2.57737,-1.49207,-1.99312,-0.23665,-2.87631,-3.87951,-3.0848,-2.92219,-0.715564,-2.90787,-3.63103,-2.51045,-2.36787,-1.72505,-3.50497,-7.63396,-2.12787,-1.74028,-0.676596,-3.5461,-1.24353,-0.925963,-1.65276,-2.44161,-2.39371,-2.07785,0.162915,-3.93807,-8.62422,-1.73015,-2.02978,-1.3307,-2.29489,-1.95617,-0.8677,-2.61209,-4.4921,-1.93719,-1.54132,-5.64275,-1.92212,-2.19188,-5.36991,-1.18603,-1.98819,-8.91659,-1.6595,-4.19844,-2.28633,-1.17318,-1.3992,-2.15658,-1.10989,-3.35389,-1.6617,-2.07691,-1.47025,-2.75015,-2.64163,-2.47034,-1.45351,-1.95033,-0.156804,-2.17013,-1.53475,-0.261455,-1.71556,-1.33022,-1.40155,-3.58742,-2.11781,-1.4366,-3.14185,-1.89006,-3.33869,-4.04448,-1.12278,-2.41384,-2.02785,-1.55375,-1.90098,-1.61839,-1.82211,-0.186669,-1.9593,-1.31737,-2.08228,-1.86445,-4.06365,-3.66549,-1.66264,-2.38111,-1.89011,-1.50189,-2.77119,-2.9044,-6.06546,-2.76662,-5.24046,-2.5366,-0.233647,-1.5914,-3.4741,-0.589975,-2.59413,-3.92597,-0.0113868,-1.54079,-1.37434,-1.69082,-3.16436,-2.55681,-1.88883,-2.86138,-0.91473,-2.68721,-3.08972,-0.96672,-4.03335,-0.960137,-2.62899,-1.2192,-4.45084,0.280971,-2.14015,-0.410481,-13.2475,-1.15704,-1.87055,-0.586704,-1.70588,-1.50963,-1.0118,-2.16773,-1.94873,-3.96442,-1.46931,-1.06651,-1.74418,-2.5878,-2.39449,-2.07388,-2.02516,-1.1902,-0.681658,-3.47439,-2.1731,-4.78391,-2.271,-1.94639,-0.888878,-2.13885,-1.31322,-1.97756,-5.48365,0.541993,-1.21863,-1.92788,-2.92235,-1.8141,-1.33837,-1.05872,-3.21589,-0.653166,-1.27384,-1.22143,-1.77506,-3.35302,-2.7842,-1.85513,-1.28899,-3.74222,-1.57544,-1.54836,-1.6068,-2.11271,-2.05681,-2.06766,-2.60896,-2.86787,-0.860702,-1.3976,-3.419,-0.415741,0.817004,-2.46834,-1.69324,-5.54043,-2.0968,-2.52237,-3.87789,-2.07889,-0.681098,-6.31883,-1.45422,-1.29037,-5.63128,-2.34735,-1.19815,-2.8663,-1.53092,-2.5859,-2.75177,-1.13455,-2.05008,0.471943,-1.2531,-3.81615,-1.98717,-0.927014,-1.73057,-0.431067,-3.30989,-1.1897,-0.421716,-3.44893,-5.52777,-1.52789,-1.98876,-2.01694,-1.05098,-0.39571,-7.9812,-2.14647,-2.54262,-1.13196,-1.80838,-2.7363,-0.774117,-0.911345,-2.61713,-2.00524,-1.09564,-1.82243,-1.6217,-0.499868,-0.924736,-0.94507,-2.32153,-3.40611,-2.5038,-2.86709,-1.85337,-1.41743,-2.43961,-1.14805,-3.6281,-3.97752,-1.34907,-1.06869,-2.10554,-2.18686,-3.52326,-4.61081,-0.676897,-1.15161,-2.45096,-1.35647,-1.17658,-1.76667,-1.03069,0.767775,-3.7248,-1.81536,-2.57458,-5.15787,-0.74653,-9.70773,-1.14286,-3.60732,-1.63325,-1.56675,-1.08602,-3.65704,-2.6092,-0.81408,-1.63534,-1.69181,-2.45529,-2.23829,-2.4685,-2.70287,-0.981274,-0.568426,-13.5622,-17.0465
,Area (50ms window), ,,,,0,11,6,126,4,23,23,1,265,24,10,286,-16.125,38.0864,14.1646,36.7686,-32.5989,-23.2937,-6.31721,64.3048,-38.9927,-63.9123,-24.6782,-42.0557,116.364,-12.5362,-36.39,32.9315,17.2204,17.699,-46.8301,-176.863,113.245,37.259,36.3416,-26.0405,24.8266,38.1341,34.8735,2.434,20.9751,-22.5166,-5.0646,-50.4942,-138.037,77.8248,31.2536,-5.43002,-37.1596,-35.3396,43.5112,-12.1363,-30.8553,39.1839,-4.50954,-62.1916,34.3858,32.7627,-85.7591,31.1527,47.9757,-101.28,64.7048,-24.1199,97.6616,-20.6508,39.7401,52.4229,29.0487,-59.1351,18.3166,-24.0776,59.7516,-59.8447,-53.7746,-3.16103,-10.4164,26.1311,15.2515,-12.4799,15.1883,51.3336,-9.38979,-20.772,3.53436,-79.1298,-24.9703,53.2525,3.91519,7.90139,4.12904,-116.803,50.2727,-36.6477,39.9541,12.044,9.13533,-32.5881,-35.0389,95.9522,22.7484,-2.42487,34.2611,-6.63698,-25.8087,-19.2274,23.734,-33.2272,1.83934,-8.62131,8.83792,-48.9431,-64.9927,15.2051,-119.644,43.8077,50.8345,12.8318,-19.4698,68.3717,-22.3933,-97.4129,137.513,-10.8599,-0.258123,-15.456,-22.6862,88.1347,-21.9308,-1.53966,64.4957,-59.057,25.9918,138.326,29.7511,114.5,-74.8908,57.3624,-17.0611,76.4295,-17.8541,32.2276,-285.77,196.135,0.754183,26.7077,-44.8809,49.7606,38.994,-24.3656,9.59424,-83.3,59.2692,80.0923,9.35007,31.7145,-23.3631,86.9681,-61.7397,65.4617,80.0603,1.28295,40.5636,-29.0299,33.0397,-12.0288,39.6725,4.03836,28.535,26.8557,-18.1574,93.4469,8.82145,-7.11958,-42.3469,5.05228,-0.0294112,1.85155,4.49227,56.5117,-28.2994,-18.0031,-24.8368,-35.5794,59.0366,34.0649,96.2326,-74.3388,6.33894,7.92685,7.67285,-30.9695,-8.07742,-1.46945,64.9989,3.06217,-14.3011,58.4943,-38.8588,99.9419,83.8794,-68.1395,47.2917,-101.453,51.7617,22.3991,-66.6883,60.9723,-38.1223,-152.588,89.2503,11.4218,-38.2895,-20.7107,48.5012,-57.9922,3.52735,-11.77,41.0229,5.68121,64.9458,162.635,-4.94768,-59.1548,38.7052,12.3333,-11.6415,43.8985,-63.1982,23.7448,57.0773,-88.7421,-28.752,10.0887,30.4166,-15.6092,25.2713,45.9172,-153.387,121.892,-68.6763,90.2505,10.4708,-96.6363,68.2823,11.2894,-24.4679,11.3858,-6.69932,13.5335,43.5506,59.6555,1.45928,30.5372,-43.8428,-76.0342,0.315047,-77.8333,26.1366,38.2106,29.954,12.6331,-17.5963,-72.8253,56.5697,46.1723,-21.0458,-12.2426,-33.9826,-9.34246,10.9378,33.089,-16.9928,33.6274,40.9674,26.2004,8.95394,63.3836,-12.4954,-62.5358,-8.65871,-64.043,77.3744,-179.623,81.2692,-4.75684,-7.45025,5.5132,57.1021,-35.3026,-7.21327,-0.674776,36.6793,-47.3136,-18.7865,55.3184,-7.01395,0.363921,-7.31991,61.1462,-327.755,-349.987
,baseline SD (40ms window before stim), ,,,,0,11,6,126,4,23,23,1,265,24,10,286,0.839995,0.987693,1.01862,1.20958,0.920509,0.985322,1.01842,0.881866,1.05216,0.706446,0.865755,0.950942,0.967738,1.17086,1.32255,1.24965,1.34968,1.07824,1.00727,1.0313,1.46377,1.88147,0.98505,1.16139,0.922193,0.948622,1.05591,1.01284,0.959653,0.813777,1.13697,0.724682,0.917191,1.08431,0.887335,0.935353,0.881921,0.819805,1.02539,1.69544,0.959126,1.17094,1.04174,1.33735,0.975666,0.965649,1.37373,0.819821,1.02727,0.81261,0.971479,1.00136,1.29149,0.97578,0.867438,0.927195,1.39747,0.959572,0.915892,0.717654,0.851403,1.12265,0.857629,0.822415,1.17673,1.00129,1.04387,1.0425,1.05251,0.922018,0.851709,1.47443,0.859588,0.758734,1.10834,0.837037,0.765429,0.976193,0.865259,1.08521,1.04875,0.762864,0.963243,0.965952,0.966096,0.75698,0.819207,1.14546,0.981885,0.956859,0.770347,0.829736,0.943283,1.30117,0.883479,0.768415,0.992167,0.861009,0.887198,0.832239,0.976806,0.859015,0.845824,1.34574,0.93851,0.795452,1.08806,1.24051,0.989886,1.0197,1.20956,0.823188,0.916749,1.19384,0.893986,0.97554,0.948517,1.03698,0.872541,0.889969,0.792313,0.899854,1.0672,0.870094,1.04641,0.843364,0.901257,1.39092,0.779782,1.00091,0.991918,0.850621,0.873545,0.873249,0.85608,0.988461,0.901251,1.04875,1.06567,0.980221,0.975195,1.02426,1.11945,1.02071,0.894187,0.973321,0.884632,0.769725,0.650748,0.969921,0.997859,0.984771,1.18258,1.04948,0.898323,0.881595,1.00209,0.775729,1.01304,0.970824,1.07205,0.842777,0.916708,0.945562,0.97805,1.06235,0.816109,0.735791,1.52155,0.786056,0.820347,1.07422,0.844159,1.04787,0.872941,1.19658,1.01857,0.959286,1.14742,1.1172,0.728417,1.26832,1.33116,0.938375,1.19599,1.06597,1.0657,0.901023,0.79306,0.815587,1.12389,0.86304,0.785174,0.679349,1.11578,0.847456,1.17334,0.722726,0.927299,0.790803,1.02933,0.864138,0.795953,1.06926,0.797521,0.988467,1.09825,1.03043,1.15929,1.23392,0.890827,0.855478,1.03422,0.997766,1.14823,1.16823,1.70795,0.790226,1.46452,0.617562,0.933034,1.16115,0.935626,0.980059,1.29668,1.74729,0.799883,1.08551,0.839066,0.936392,0.892359,0.774341,0.800566,0.902131,0.906935,0.690898,0.810223,0.890581,0.707893,0.976752,0.960376,0.936116,0.959826,0.726492,0.718296,0.797285,1.00619,0.922207,0.925558,0.756969,0.807741,1.08112,1.31266,0.916732,1.1461,1.11731,0.842557,1.20355,1.13401,0.961601,0.872227,1.099,0.685221,0.664361,0.809151,1.5121,0.661983,0.876758,0.756659,1.18752,1.21829,1.12808,0.990857,0.901099,0.862021,0.915439,0.727176,1.0532,0.929933,0.868754,0.93791,0.922885,0.990455,1.02464,1.0465,0.758153,1.17543,1.14026,0.987268,1.13399
20201120c11,Trace min (20ms window after stim),01:10,RSPagl,87,1470,0,12,6,138,1,23,23,1,265,24,10,286,-4.07124,-2.40828,-2.88162,-2.17109,-4.73587,-1.9979,-1.98383,-2.41808,-2.75293,-3.70917,-1.22836,-2.24081,-3.00433,-1.65073,0.0821096,-4.29173,-4.59217,-3.00198,-1.90151,-4.30444,-4.27931,-1.06385,-4.6413,-0.158477,-1.26823,-2.13282,-5.08098,-4.60224,-7.76789,-2.64616,-1.92758,-0.599863,-5.77862,-1.54584,-0.178984,-4.46285,-3.89538,-2.90219,-1.38143,-2.32201,-2.15899,-1.57105,-1.81106,-1.85432,-2.53213,-2.25592,-2.86113,-1.34808,-2.34069,-3.29385,-2.26642,-1.09095,-2.10829,-4.11961,-1.60038,-3.01721,-2.28866,-4.1755,-2.27906,-2.57955,-3.64116,-1.09471,-3.78139,-3.03093,-0.654841,-2.68236,-1.24406,-3.83118,-2.29436,-3.31104,-1.84985,-3.19436,-2.33384,-1.25051,-5.87531,-1.30113,-2.71809,-3.88849,-3.78899,-2.02512,-0.595166,-2.87522,-2.04133,-1.04202,-1.86473,-2.7353,-3.11862,-1.71143,-3.50576,-2.26091,-1.68411,-3.28861,-1.68408,-4.79969,-1.22657,-3.1693,-2.60312,-1.20857,-1.87452,-2.3217,-3.59145,-2.92838,-2.32363,-1.68816,-2.82024,-3.20879,-1.50933,-2.7612,-2.82308,-2.62447,-1.5056,-1.75118,-2.33993,-2.40983,-0.277568,-0.896481,-2.6768,-0.353916,-3.93356,-1.5335,-2.14801,-3.602,-2.65358,-1.94394,-2.25006,-0.666466,-3.86675,-3.11451,-2.97651,-1.86389,-5.04331,-3.58083,-3.24632,-3.06631,-2.21757,-2.07901,-2.90486,-4.92395,-1.32443,-5.46838,-3.86115,-3.56157,-1.13897,-0.444873,-6.33038,-1.97556,-3.41826,-3.95486,-4.04482,-2.63968,-3.6483,-4.91134,-0.337088,-0.993542,-6.40713,-2.81213,-0.772616,-3.49181,-2.66373,-4.51043,-3.35541,-2.79322,-1.5182,-2.39354,-3.3539,-1.88168,0.728772,-2.00698,-2.05137,-1.84902,-1.48484,-2.36352,-4.49506,-2.33729,0.166969,-2.77414,-5.65522,-3.59877,-3.56276,-2.4589,-2.83393,-2.90636,-1.47006,-0.378167,-4.19163,-3.06704,-3.92037,-0.0188534,-2.28815,-3.47182,-1.6207,-1.72736,-2.13272,-1.90681,-2.18143,-2.68629,-1.70967,-3.35286,-1.0109,-3.68388,-3.02464,-1.14827,-2.3317,-3.74406,-2.90024,-4.00242,-4.07068,-5.48995,-3.86315,-2.5468,-2.33939,-3.29825,-3.27553,-2.47625,-2.32512,-2.60543,-2.89189,-2.33722,0.62934,-6.6203,-1.65075,-2.59171,-5.42714,-2.55807,-2.22348,-1.39139,-3.5816,-1.67267,-0.0463195,-4.47283,-1.63118,-0.578001,-5.0687,-3.85093,-4.0254,-2.83131,-4.37377,-1.1208,-4.9321,-1.07263,-3.65755,-1.95798,-1.05993,-3.91534,-4.67877,-2.26709,-6.36943,-2.62726,-2.16234,-3.11296,-0.879061,-0.898491,-4.79961,-1.82052,-3.79025,-2.75243,-2.14608,-4.05738,-2.64157,-3.1031,-4.67251,-2.73083,-3.34289,-3.89746,-2.51209,-3.85054,-2.97398,-3.10425,-1.40194,-3.18543,-3.50707,-2.57906,-3.12812,-0.141124,-3.38237,-2.42409,-3.38365,-1.23839,-2.42552,-1.19146,-5.68651,-2.83425,-3.02684,-2.47296,-3.82793,-1.59065,-6.37441,-1.30742,-17.1511,-25.1951
,Area (50ms window), ,,,,0,12,6,138,1,23,23,1,265,24,10,286,-57.743,33.8138,1.61119,-0.21256,-26.7296,15.2143,-17.7234,8.621,-43.4406,6.87497,17.8691,12.6846,-13.397,-18.048,39.3479,-36.3966,-29.1613,12.7496,-51.1101,-2.65803,-48.1629,51.4943,15.8572,57.6761,-46.228,62.3975,-78.6509,-0.140052,-34.1241,-3.83143,-31.0988,47.0942,-118.387,70.4624,24.0131,-32.9295,-19.2067,28.1819,33.6752,-7.0111,-48.9632,37.3114,-9.392,-5.53058,30.5358,-20.5212,-11.4344,39.3029,8.87523,-3.11512,21.3432,-19.8338,8.5171,-18.6352,61.3549,-2.50393,30.7261,-19.8562,3.01056,-27.2991,-78.6293,50.4753,-12.5404,-1.46187,69.0937,-21.3364,49.4622,-50.3998,27.1144,15.1796,-5.09046,-48.9296,34.1821,48.2343,-60.9974,68.871,10.3286,-43.3053,-11.0773,20.0253,78.257,-21.4532,-39.0808,40.966,-42.8398,23.2044,-39.3283,29.5915,-36.0434,-9.37525,23.0069,-25.445,-48.1716,-24.6381,25.4024,-3.17596,9.85041,8.68294,45.2081,-6.85706,-11.3574,-5.08198,1.69415,-6.01718,-1.22266,7.68444,14.3975,21.7862,-17.4767,18.6966,41.9899,-12.0011,29.6582,-32.3838,36.2319,44.4187,12.6608,63.0168,-138.881,27.6229,57.4959,-54.2156,-11.4214,49.4098,-11.2569,55.3918,-32.5922,21.2323,-19.2781,19.1029,-80.0261,62.739,-59.3204,5.23493,-13.7572,39.5449,-21.9032,-43.986,6.03872,-128.808,44.5421,47.7793,55.2731,33.439,-85.1786,42.2401,-84.754,-35.1866,-77.4547,10.0158,-36.4941,-15.6145,114.354,49.5821,-28.0296,15.3069,66.6539,-87.8384,38.29,-77.2487,26.2481,-46.5346,53.1089,56.8017,-107.127,1.7603,127.951,-15.6044,21.6707,-20.7891,6.4017,-15.9908,-54.0886,0.164601,87.9124,-28.1794,-106.354,66.1448,-31.8397,40.1657,20.6705,22.2787,8.45969,25.386,-27.2111,10.6784,-112.266,81.6425,-30.6516,1.19206,26.0506,20.053,-17.6506,43.9923,-24.3713,-28.0139,10.2584,-20.9085,34.0437,-29.99,-42.3839,91.8488,61.8683,-83.7875,-41.3281,-71.5551,40.6541,-79.3381,18.7303,0.951197,2.44447,-25.7553,10.6432,92.6817,43.6718,1.86926,14.8003,-64.9786,55.4277,-16.6822,81.9938,-21.5333,-51.9782,14.924,3.67671,29.6391,33.304,38.1133,1.68822,-120.536,63.0249,39.9945,-22.4939,-10.6211,0.654571,33.0052,-79.5079,-43.7432,-33.5683,122.193,1.84102,-32.8113,15.1813,-53.5845,-14.0389,83.6716,-81.243,54.4681,43.6264,-45.277,7.67026,59.7173,-41.2897,6.21491,-3.80903,35.8237,-81.0394,-35.2462,42.5022,-37.3433,-39.9693,16.9035,-12.7387,-0.603238,17.6239,31.6373,-1.82839,-12.6011,55.4595,24.1857,-67.829,-23.3438,17.8542,90.8509,-62.0718,49.7232,-36.5709,27.7541,-37.6523,-11.7925,-93.9207,4.80934,54.4436,4.29779,-46.9757,12.2494,-34.603,117.676,-178.227,-480.423
,baseline SD (40ms window before stim), ,,,,0,12,6,138,1,23,23,1,265,24,10,286,1.20501,1.00705,0.970906,0.919883,0.832613,0.813222,1.01255,0.961429,0.914209,0.941571,1.11999,1.05652,1.00964,1.52358,1.85444,0.837732,0.866684,1.01969,1.23907,1.06448,0.775274,1.64285,1.30312,0.909553,0.944441,1.34167,0.924363,1.01236,1.08759,0.896616,0.888608,0.96823,1.16518,0.96383,1.54811,1.10506,0.894732,1.26996,1.0849,0.932192,1.1451,1.87891,1.32066,0.88263,0.977696,1.45618,1.10002,1.0715,1.05414,1.03403,1.53918,0.843592,0.831125,1.54837,1.07103,1.25665,0.957954,1.04837,1.1239,1.04516,1.21338,0.95738,1.00132,2.34988,2.55191,0.95679,0.977437,0.803569,1.04156,0.881604,0.975212,1.01851,0.980273,1.23567,1.05237,1.09211,1.04264,0.844109,1.03242,1.02846,1.13153,0.980332,1.50565,1.05862,0.968577,1.01219,0.870095,0.883024,1.08853,1.11371,0.964357,0.900833,1.16923,1.05705,1.22622,0.907213,1.07608,1.6342,0.876869,1.13029,1.16593,1.14193,1.06991,1.45343,1.4214,1.19225,1.25091,1.34355,1.0892,0.947724,1.2106,1.08063,1.30507,1.58727,1.06918,1.44598,1.10426,1.09846,1.12684,0.920601,0.947725,1.05574,1.14425,1.21626,1.14764,1.0433,0.965879,0.826551,0.977466,1.17671,1.13358,1.00663,1.20985,1.2096,1.17799,1.12193,1.17553,1.26781,1.32079,1.55434,1.31508,1.09162,1.34016,1.3018,1.01446,0.879029,1.10932,1.25255,1.35875,1.2335,1.01764,1.35968,1.25359,1.09191,1.00763,1.96391,1.28048,1.01274,1.45954,1.15443,0.991817,1.22767,1.37995,1.54914,0.866467,1.014,1.33776,1.29736,1.13706,1.14421,0.956505,0.912911,1.14706,1.01688,1.23566,0.939013,1.43588,1.34923,0.989755,1.03473,0.965121,0.883917,0.817438,1.23255,0.888612,0.8834,1.45428,1.10763,1.00474,1.24559,1.0968,1.24887,1.23252,1.20279,1.16532,1.09183,1.40308,0.920054,0.876384,1.3981,1.16984,1.19529,1.18692,1.14892,1.24124,1.43237,1.13037,1.29394,1.29202,1.1674,1.52418,1.45183,1.12293,1.12428,1.47631,1.04681,1.22351,1.01525,1.97351,1.1203,1.24109,1.55094,1.32515,0.926755,0.975288,1.20387,1.30852,1.32478,1.1886,1.25245,1.16128,1.85109,1.0038,1.38042,1.31244,1.14058,1.27769,1.43146,1.30637,1.16899,1.26297,1.8892,1.14488,1.30161,0.975688,1.32946,1.13024,1.35045,1.23104,1.21161,2.13581,1.41881,1.92821,1.47078,1.15763,1.00727,1.40316,1.62832,1.13707,1.05966,1.22872,1.68119,1.63489,1.27141,1.26803,1.53515,1.06203,1.10994,2.03539,1.00622,1.66727,1.64684,1.54029,1.17412,1.57992,1.16551,1.43434,1.65126,1.01945,1.72009,1.56947,1.32085,1.21731,1.11407,1.51698,1.03651,1.01197,1.73664,1.58833,1.38811