V1 (Chronos injections),,Cell number,,,,Flip slice left-right,Soma location,,,,Pia location,Cortex edges: left,,,Cortex edges: right,,,Stim number,,,,,,,,,,,,,,,,,,,,,,,,,,,,,,,,,,,,,,,,,,,,,,,,,,,,,,,,,,,,,,,,,,,,,,,,,,,,,,,,,,,,,,,,,,,,,,,,,,,,,,,,,,,,,,,,,,,,,,,,,,,,,,,,,,,,,,,,,,,,,,,,,,,,,,,,,,,,,,,,,,,,,,,,,,,,,,,,,,,,,,,,,,,,,,,,,,,,,,,,,,,,,,,,,,,,,,,,,,,,,,,,,,,,,,,,,,,,,,,,,,,,,,,,,,,,,,,,,,,,,,,,,,,,,,,,,,,,,,,,,,,,,,,,,
EPSC amplitudes (pA),,,Area,Allen slice number,Mediolateral distance,,row,column,stim number,quadrant,row (at soma col),row,column,stim number,row,column,stim number,1,2,3,4,5,6,7,8,9,10,11,12,13,14,15,16,17,18,19,20,21,22,23,24,25,26,27,28,29,30,31,32,33,34,35,36,37,38,39,40,41,42,43,44,45,46,47,48,49,50,51,52,53,54,55,56,57,58,59,60,61,62,63,64,65,66,67,68,69,70,71,72,73,74,75,76,77,78,79,80,81,82,83,84,85,86,87,88,89,90,91,92,93,94,95,96,97,98,99,100,101,102,103,104,105,106,107,108,109,110,111,112,113,114,115,116,117,118,119,120,121,122,123,124,125,126,127,128,129,130,131,132,133,134,135,136,137,138,139,140,141,142,143,144,145,146,147,148,149,150,151,152,153,154,155,156,157,158,159,160,161,162,163,164,165,166,167,168,169,170,171,172,173,174,175,176,177,178,179,180,181,182,183,184,185,186,187,188,189,190,191,192,193,194,195,196,197,198,199,200,201,202,203,204,205,206,207,208,209,210,211,212,213,214,215,216,217,218,219,220,221,222,223,224,225,226,227,228,229,230,231,232,233,234,235,236,237,238,239,240,241,242,243,244,245,246,247,248,249,250,251,252,253,254,255,256,257,258,259,260,261,262,263,264,265,266,267,268,269,270,271,272,273,274,275,276,277,278,279,280,281,282,283,284,285,286,287,288,None,All
,,, ,,,,,,,,,,,,,,,,,,,,,,,,,,,,,,,,,,,,,,,,,,,,,,,,,,,,,,,,,,,,,,,,,,,,,,,,,,,,,,,,,,,,,,,,,,,,,,,,,,,,,,,,,,,,,,,,,,,,,,,,,,,,,,,,,,,,,,,,,,,,,,,,,,,,,,,,,,,,,,,,,,,,,,,,,,,,,,,,,,,,,,,,,,,,,,,,,,,,,,,,,,,,,,,,,,,,,,,,,,,,,,,,,,,,,,,,,,,,,,,,,,,,,,,,,,,,,,,,,,,,,,,,,,,,,,,,,,,,,,,,,,,,,,,,,,,,,,,,,,,,,,,,
Stim order (1-indexed),,, ,,,0,0,0,0,0,0,0,0,0,0,0,0,138,74,273,90,260,125,5,104,175,31,223,81,209,51,36,121,76,149,192,246,75,19,25,187,275,133,224,168,208,92,189,22,256,30,1,155,27,205,56,235,146,167,264,233,118,61,190,158,9,287,50,195,265,113,238,194,4,103,32,109,161,78,2,57,159,73,64,220,276,46,139,40,96,115,269,166,251,88,160,82,182,156,240,222,157,98,228,13,91,214,100,37,99,261,123,60,248,180,237,14,176,29,234,72,87,185,111,59,101,199,47,247,177,108,10,181,122,34,285,105,230,191,271,219,249,85,277,126,15,203,257,94,20,227,206,66,204,270,70,258,174,268,141,112,259,7,218,24,39,255,170,53,202,282,241,151,16,217,116,279,71,128,229,110,44,216,281,54,165,286,143,17,127,226,52,136,62,162,49,18,221,65,188,58,114,215,184,33,63,137,69,232,164,242,106,201,80,147,42,124,68,263,179,8,153,3,186,283,173,41,274,211,288,83,272,21,169,225,171,86,262,278,210,267,48,150,244,213,130,231,97,67,266,102,144,12,207,93,200,119,198,89,26,131,79,193,117,28,152,45,132,280,140,11,239,6,212,77,95,23,163,38,236,148,107,197,135,43,178,183,145,245,120,134,55,284,142,254,35,196,252,154,84,172,250,243,129,253,0,0
20191203c1,Trace min (20ms window after stim),1,RSPagl,90,1240,0,12,7,139,1,23.5,22,1,253,24,8,284,-2.45188,0.469995,-9.33881,-1.49853,-20.0062,0.0495732,-2.99077,-5.10058,-52.1019,0.428698,-0.527924,-0.64124,-0.854603,-2.30586,-1.50886,-5.17697,-0.405844,-1.67018,-2.19074,-14.409,-0.586993,0.249057,-1.56136,-35.1927,-1.15627,-1.04089,-0.763976,-2.35237,-2.1043,-1.4914,-42.4987,-0.746216,-2.14653,-1.45977,-3.5988,-1.30379,-1.77533,-2.49861,-2.79544,-5.25681,-0.886121,-2.47138,-1.14115,-2.30054,-2.47329,-1.09916,-7.03282,-0.941929,0.0332305,0.0198956,-1.8122,-2.62987,-0.627287,-1.21591,-0.712732,-1.59129,-2.24018,-0.0748193,-0.489548,-1.90752,-5.03073,1.33838,-2.01255,-1.63954,-1.53544,-2.53007,-0.323256,-2.09639,-0.887006,-2.82648,-2.98435,-1.51169,-0.558811,-1.77189,-2.91064,-7.6122,-0.130592,-1.39102,-1.6463,-1.90729,-3.08077,-1.57832,-1.91872,-2.35265,-1.67548,-1.76577,-0.115,-1.9057,-1.39894,-9.56261,-1.4608,-1.5488,-1.39955,-7.70225,-0.589821,-1.47658,-5.72602,-0.365964,-3.25881,-1.32949,-66.4512,-0.0118512,-4.45464,-2.9941,-1.47804,-0.735604,-0.600626,-1.60674,-2.03824,-13.2581,-1.2753,-19.197,-30.7172,-1.5839,-1.46765,-1.01806,-1.81393,-1.4635,-1.08643,-0.484136,-1.98502,-0.97882,-5.47432,-0.265363,-5.28604,-0.797084,-1.10367,-0.882024,-2.20585,-1.20139,-5.42258,-0.0707196,-2.52359,-1.63186,-2.33689,-0.585356,-2.76513,-3.83818,-2.73974,-14.6109,-12.3315,-1.96572,-10.2748,-2.72509,-18.5605,-2.40674,-3.26328,-8.78742,0.0447467,-3.31883,-2.17063,-1.49259,-12.9,-2.24033,-2.05361,-19.042,-2.1665,-1.92316,-1.06326,0.493966,-2.27682,-0.500491,-3.05392,-1.55122,-1.42379,-0.213125,-2.1221,-2.66736,-14.7844,-1.3768,-2.22053,-1.80773,-2.99914,-0.64592,-0.683865,-3.38728,-0.931821,-13.4671,-1.23777,-1.7198,-1.65199,-1.2066,-61.9771,-0.218734,-1.20685,-0.884576,-2.78204,-1.14643,-1.61084,-2.92017,-0.0419906,-0.545609,-11.2596,-1.87096,-2.57413,-22.7635,-1.25328,-1.54119,-1.71973,-0.61987,0.227719,-5.18677,-2.75117,-0.742957,-3.73065,-2.52257,-6.13024,-2.38957,-2.1183,-2.93587,-8.04872,-14.5519,-3.01021,-2.97835,-4.45903,-1.93991,-0.572762,-7.32229,-1.13633,-1.79142,-5.65421,-0.941049,-1.83334,-1.4,-2.50064,-8.1778,-1.91714,-22.0578,-1.07435,-1.51648,-2.26088,-1.47686,-0.798796,-0.961291,-1.7193,-1.03452,-1.33844,-2.07299,-28.303,-2.84182,-1.2559,-1.72785,-0.743288,-0.460831,-2.30883,-1.13992,-1.5458,-2.63772,-20.9303,-2.35956,-1.65977,-1.75493,-2.99259,-0.863888,-3.12922,-1.45334,-5.8914,-0.114099,-1.37742,-0.794375,-37.6947,-1.59153,-6.64259,-0.899728,-0.656629,-0.891685,-0.910283,-2.11784,-8.14086,-1.30751,0.305716,-6.37508,-1.50953,-1.38607,-1.08055,-0.972202,-3.48954,-2.59059,-1.72495,-1.59303,-1.15986,-1.64141,-6.23609,-1.86655,-5.7245,-3.20551,-1.94324,-1.86013,-82.6978,-186.327
,Area (50ms window), ,,,,0,12,7,139,1,23.5,22,1,253,24,8,284,37.2688,72.8435,-283.726,115.879,-558.763,241.292,15.3258,-66.5444,-795.606,426.672,93.3962,24.8563,29.062,-87.7217,2.13219,-116.143,73.594,16.1583,-36.3742,-380.571,212.663,78.0167,-12.5986,-577.111,261.379,31.4773,37.3966,-31.3932,13.7486,31.9082,-673.714,348.475,-67.1239,76.7779,-96.9627,-5.77673,-51.3035,-73.6317,-31.8824,-176.972,-19.9893,-38.2315,-51.976,25.8564,-2.44018,49.9133,-77.2355,70.5583,68.0282,78.1927,58.6386,4.1392,27.0999,21.5035,9.12966,20.2472,14.3196,58.9884,16.1969,-32.8944,-107.76,129.15,-115.816,-5.47366,-11.6143,-38.3892,135.848,16.5386,44.6388,-75.0959,29.7217,-1.52713,14.7391,-6.08418,3.50627,-100.041,106.806,22.9584,-19.4368,-17.7011,33.5356,-13.6864,-30.619,-2.71554,0.430239,-6.6726,45.1357,-58.979,11.9762,-93.5146,90.9611,1.14465,-25.5106,-186.252,149.47,49.8972,-187.136,136.887,-123.909,70.7741,-1074.08,481.238,-21.5643,33.3529,-4.75824,63.9377,36.9817,10.4841,-22.5737,-209.248,72.6793,-580.449,-179.884,170.633,43.7388,29.6673,-0.754703,43.3727,12.4532,31.145,-9.79458,12.1886,-120.407,108.801,-180.844,45.5983,22.4155,68.96,-5.96924,-2.75341,-135.992,142.676,-24.6338,-14.5888,-40.3848,84.8349,-42.3827,-7.22767,6.54297,-403.635,32.2069,146.041,-107.636,47.8551,-472.155,282.738,-21.046,-371.231,254.287,-94.6546,21.9102,44.3776,-251.15,3.27226,34.5944,-262.077,165.535,-24.1787,26.9396,24.5788,-7.16178,-7.06859,54.7197,-5.39628,-7.42291,70.8547,-77.0135,5.03261,-229.897,61.8434,-14.4227,73.7927,6.70867,28.4764,72.987,-23.5769,0.45904,-198.761,71.2631,9.61995,-11.7897,-5.19471,-959.81,443.724,83.7106,48.1939,-14.8195,5.17886,14.5171,-78.2996,83.5137,12.5578,-202.512,96.4354,-56.1735,-307.696,109.993,15.6192,-5.05993,35.3595,111.431,-76.5409,10.8065,36.1675,-11.7309,-77.2914,-77.8052,35.2792,-38.8442,-19.6517,-185.247,-157.177,69.8944,9.15676,-113.102,29.5336,60.028,-52.9599,48.6118,0.470486,-187.565,83.45,5.27387,5.37431,-39.2016,-135.317,41.7489,-304.851,175.39,-24.6602,-23.2373,34.3084,23.9164,-10.6465,-29.6136,-10.0441,-6.52331,-18.2548,-464.079,158.905,97.5224,0.27936,19.6528,43.6781,-2.66507,-4.85285,18.8658,-23.6955,-295.799,100.421,-6.1526,12.3544,-25.5127,14.0225,-32.4526,-17.9925,-87.5655,62.5252,6.51917,27.9476,-612.324,243.365,-179.667,131.242,50.4061,12.0066,32.2833,-55.5565,-173.328,58.1556,36.2936,-120.233,68.0768,-26.9925,-37.7782,24.0438,4.03164,-41.844,5.49116,-11.0052,-11.3216,2.02356,-85.0047,-27.2127,-157.948,-12.9059,-29.0145,-5.27774,-1443.82,-3025.88
,baseline SD (40ms window before stim), ,,,,0,12,7,139,1,23.5,22,1,253,24,8,284,0.745972,1.18749,1.04217,0.89147,1.06334,0.868724,0.761927,0.612665,0.817705,0.881981,1.10865,0.934099,0.74846,0.714958,0.724019,0.748948,0.932144,0.639893,0.68555,0.753218,0.954613,0.893166,0.663035,0.916082,0.687899,0.806816,0.626309,0.653662,0.735325,0.789852,0.913077,0.981972,1.0888,1.14515,1.11161,0.777495,0.921089,0.710847,0.694498,0.791969,1.07056,0.681408,1.35529,0.803653,0.878362,1.02224,1.25098,0.841558,0.573847,0.877893,0.650149,0.781461,0.945831,0.620208,0.611119,0.638451,1.22147,1.04617,0.754137,0.917423,0.882882,0.966765,0.720647,0.827054,0.878623,0.834537,0.898489,0.738465,0.73742,0.758437,1.0781,0.612792,0.860083,0.71639,1.13015,0.615385,0.676406,0.716423,0.617166,0.586629,0.650757,0.941979,0.649214,0.63901,0.903749,1.03401,1.36061,0.851346,0.718458,1.4412,0.563511,0.850893,1.11289,0.927446,1.04187,0.728903,0.631256,0.861209,0.707229,0.681521,0.752552,0.752544,1.06032,0.780653,0.683774,0.793127,0.795403,0.677836,0.718986,0.701685,0.680111,1.19172,1.43029,1.65324,0.694104,0.735158,0.704312,0.753978,0.570739,0.896421,0.694861,0.928658,0.816243,0.878541,0.615569,0.704289,0.832004,0.974178,0.962571,0.807678,1.05393,0.575647,0.956145,0.660716,0.672046,0.715903,0.741398,1.00014,0.525804,0.92687,1.00087,0.553424,0.789042,0.831831,0.806918,1.02573,0.724774,1.45732,1.83444,1.16385,0.579364,0.927695,0.803464,0.714306,0.802913,0.844764,0.832889,0.827662,0.8545,0.885713,0.738039,1.43738,0.537205,0.885759,0.743673,1.059,0.787138,0.80767,0.901352,0.620573,0.987054,0.974559,0.709063,0.544129,0.773395,0.728869,0.93432,0.682397,0.637446,0.904473,0.85239,0.572028,0.954021,1.16592,1.07694,0.495461,0.533874,0.703009,0.669982,0.919328,0.906285,0.835672,0.671214,0.732103,1.12511,0.634925,0.988255,0.56708,0.539029,0.924282,0.903158,0.82535,0.55279,0.58116,0.736969,0.903419,0.834042,0.672546,0.892438,0.835323,0.768495,0.841003,0.771202,0.645173,1.05824,0.979909,0.802488,0.607423,0.58957,0.584229,0.70961,0.554748,0.772811,0.647642,0.805408,0.852809,0.764215,0.702174,0.957592,0.801623,0.807383,0.717453,0.763489,1.0947,0.683846,0.547819,1.26056,0.761851,0.597769,0.802317,0.952245,0.676739,0.761648,0.605741,0.595561,1.33981,0.671678,0.537793,0.961145,0.934793,0.681792,0.54783,0.986134,0.727053,0.698281,1.17677,0.574887,0.679231,0.725123,0.865641,0.992347,0.833603,0.785614,0.888716,0.592581,0.541855,0.588839,0.760176,0.576384,0.599869,0.812442,1.40013,0.823488,0.694567,0.845419,0.576313,0.671571,0.903427,0.519945,0.724915,0.827833,0.666631,0.656194,0.642566,0.803815,0.732832,0.96628,0.68956,1.7361,0.600779
20191205c0,Trace min (20ms window after stim),3,RSPagl,92,1350,0,15,7,175,1,23.5,22,1,253,24,8,284,-1.3326,-0.596883,-48.7463,0.138103,-51.9367,1.69181,-1.30268,-0.784778,-1.83927,-0.753646,-18.6822,-1.74617,-1.26746,-0.200831,-2.06255,-1.35852,-0.448612,-1.48283,-1.53767,-12.6916,-0.520852,-1.20972,-0.997387,-1.22097,-28.2457,0.986223,-17.0341,-1.13953,-0.853431,-0.952276,-21.9621,-0.772277,-2.25842,-0.971694,-1.41181,-0.383157,-0.507797,-0.326205,-1.69171,-40.1091,0.210871,-0.529935,-22.3906,1.56545,-0.728261,-1.34072,-25.8236,-0.57972,-0.901577,-2.30969,-2.42624,0.0479887,-0.914409,-0.519724,-23.5864,-1.71618,0.0326439,-0.6654,-1.03131,-1.07533,-1.66923,-1.14553,-0.841641,-1.77225,-0.892016,-1.15299,-2.36279,-1.21622,-19.2808,-0.629784,-1.7112,-1.47611,-1.62721,-1.32047,-6.49409,-4.47158,-22.146,0.0394035,-1.17362,-1.19233,-1.35597,-1.21037,-10.5012,-14.9641,-2.77241,-0.822793,-1.42974,-1.33129,0.0183701,-4.56462,-0.177246,-1.33941,-1.19625,-56.5086,1.35918,0.247489,-47.12,0.183596,-17.8637,-1.00287,-6.97356,-2.26932,-7.81619,-0.649538,-0.64257,-3.00408,-0.917343,-1.07442,-1.94855,-2.25793,-1.92092,-43.0845,-20.2699,-1.68957,0.0457244,-1.3832,-0.243224,-1.42803,-4.79936,-0.823657,-1.79199,-2.11537,-17.6546,-2.29053,-37.4281,-0.778947,-2.14507,-1.67938,-0.680635,-0.538406,-5.14247,-0.898375,-1.60735,-2.36308,-2.37241,-1.46054,-1.22295,-4.01582,-1.36302,-12.9602,-1.82068,-5.12569,-0.522188,-1.22447,-39.3843,-1.35951,-0.65959,-0.277828,-0.699793,-1.27671,-1.25445,-1.45469,-21.313,-1.14997,-1.11276,-1.6351,-0.643478,-2.58468,-0.495062,-1.91881,-0.524414,-0.529059,-5.35038,-0.145831,-1.07321,-2.77948,-3.14994,-2.63814,-6.75366,-7.56407,-0.547032,-0.911975,-2.12336,-6.67984,-0.572013,-0.947426,-1.27743,-0.586962,-1.73717,-1.23425,-1.312,-1.39476,-2.84805,-0.830756,-2.39409,-1.73867,-1.16563,-1.01375,-1.41694,-0.237713,-1.40212,-2.14218,-3.98364,-2.50429,-0.779005,-22.3167,-0.734673,-1.57768,-2.18525,-2.04186,-1.18381,-30.2143,-0.0105449,-0.788483,-3.40851,-0.440089,-0.69768,-11.3162,-0.894822,-0.901291,-24.0063,-12.3594,-9.98045,0.120525,-32.3497,0.40858,-1.67997,-11.9092,-0.660255,-1.58514,-31.8173,0.872396,-6.02742,-1.65956,-0.785304,-2.22168,-1.33283,-17.5682,-0.896656,-1.04588,-1.09077,-0.213414,-1.66173,-1.50646,-1.73377,-1.43759,-0.019694,-0.550831,-5.06773,-0.769996,-1.06,-0.813052,0.416002,-1.70812,-1.33931,-0.378298,-1.03193,-0.746815,-1.87484,-0.293319,-1.85425,-3.31682,-0.957409,-1.93895,-11.0447,-1.72812,-13.7839,-0.739999,-1.36677,-1.25826,-2.22735,-1.01242,-42.8085,0.242935,-0.496502,-1.25863,-2.00005,-0.47733,-27.8571,-1.34483,-0.81323,-3.13238,-1.41955,-0.333529,-2.01197,-5.01301,-1.78331,-1.63885,-1.37097,-1.48378,-18.8612,-1.57902,-1.10216,0.175965,-29.6701,0.328434,-1.55055,-1.70819,-121.197,-122.466
,Area (50ms window), ,,,,0,15,7,175,1,23.5,22,1,253,24,8,284,-31.6196,32.7724,-1230.6,643.917,-1332.98,694.45,28.4572,37.345,-16.4838,5.00758,-306.7,91.8143,14.8358,74.3963,-15.945,-24.0504,33.2888,9.23817,5.01601,-281.635,182.872,-6.0454,-15.0097,22.9078,-783.221,376.672,-276.828,138.954,28.8928,3.57212,-287.934,144.497,-48.2762,34.987,23.3167,25.5474,10.1996,-8.84617,19.8354,-983.237,490.236,33.5949,-632.952,365.321,22.3969,9.524,-357.007,167.406,5.28241,-27.3059,-33.9203,71.8651,2.65783,1.42007,-533.212,264.524,33.1713,22.0151,11.5179,19.4163,-27.3151,22.1433,-5.08996,-10.8766,12.9461,-16.7396,-28.2165,24.4848,-537.598,294.96,-1.9451,-7.65649,25.0672,-0.702651,-100.359,-12.2361,-547.465,307.531,34.2612,-1.54736,10.5987,4.66777,-254.53,-113.187,104.068,41.6059,-25.5055,11.4665,52.023,-69.5994,47.0612,-4.30357,-10.888,-1402.81,722.023,66.6234,-1074.34,515.819,-350.324,208.335,-76.2387,36.3273,-117.302,65.3826,48.0945,-28.1932,17.756,-7.38913,-35.8189,5.77909,9.21239,-1005.72,191.769,123.04,95.0027,13.5942,34.7469,-9.29076,-108.068,70.3922,-25.2734,-10.1766,-382.023,160.067,-847.675,388.688,25.039,2.80329,40.78,32.1578,-113.948,61.4198,22.4198,-49.9758,-5.41669,-1.6494,-0.779065,-72.5626,25.0307,-307.464,143.057,-98.673,34.6396,32.5241,-916.09,416.168,35.5509,64.6274,38.558,-8.22011,-13.4735,-7.80675,-267.833,118.105,25.2501,-24.085,60.1976,-0.404745,21.6527,-25.5653,45.8581,37.3025,-50.7146,46.0494,-16.7618,-78.621,-20.6697,3.18995,-98.0493,-162.464,148.555,13.5712,-17.8544,-117.42,98.3507,-12.1406,0.326097,39.534,-27.7757,-11.121,-30.7624,9.62449,-40.9814,26.2974,-7.62227,-5.38331,-0.125766,23.0765,-24.039,35.9518,-53.4159,-5.58986,-41.2,10.1419,3.75376,-360.842,168.861,-7.8216,-17.3021,-29.2468,-29.5106,-758.44,405.341,28.8043,-23.0159,20.3117,21.8184,-216.035,104.822,6.26623,-623.024,101.48,-153.214,164.695,-779.654,394.049,15.1471,-162.549,90.2559,-4.22326,-815.184,458.857,-58.5889,53.7678,38.87,-13.1885,-9.83496,-287.652,162.375,7.07444,14.1411,47.6392,-47.1954,-1.70324,-3.1529,-18.2252,26.0297,10.4591,-65.0417,55.7961,-6.50547,-12.0214,30.6902,-21.3046,-8.80032,28.8129,-22.6865,-33.4834,-15.0979,48.8256,-12.0308,-86.2166,53.7336,-18.3039,-252.712,126.42,-226.423,128.304,-7.56962,10.5879,-20.846,33.5979,-1036.6,506.024,31.5133,5.28069,-15.201,8.92204,-396.997,176.18,4.91423,-83.6986,49.5551,61.737,-18.4738,-70.6453,8.95211,1.69077,-1.63889,2.17532,-512.178,199.326,17.1932,75.1396,-744.861,362.367,31.3724,-15.5667,-2863.96,-2942.74
,baseline SD (40ms window before stim), ,,,,0,15,7,175,1,23.5,22,1,253,24,8,284,0.419143,1.01324,0.46529,1.5038,0.521315,1.21135,0.533935,0.646621,0.601712,0.478092,0.611361,0.540423,0.728927,0.441177,0.570743,0.924194,0.572969,0.44365,0.439444,0.464216,0.79674,0.500946,0.455599,0.418999,0.501945,1.20438,0.455541,0.462637,0.618098,0.464729,0.739772,0.775084,0.527706,0.556765,0.554652,0.501645,0.581243,0.510409,0.496131,0.509103,0.801664,0.511653,0.502246,1.43355,0.593458,0.511012,0.646653,0.837275,0.509596,0.452752,0.523986,0.535331,0.571672,0.537574,0.512394,0.737749,0.613089,0.552274,0.676818,0.428844,0.51145,0.566623,0.517462,0.576171,0.659411,0.640575,0.688846,0.725098,0.453358,1.14757,0.543054,0.696371,0.509337,0.553383,0.614002,0.433492,0.72477,0.836793,0.528887,0.550976,0.633523,0.446821,0.513926,0.701103,0.539888,0.642367,0.52747,0.448843,0.646588,0.458237,1.01354,0.492412,0.473005,0.756439,1.27063,0.654063,0.674961,0.551643,0.590437,0.796088,0.59514,0.503396,0.561921,0.54021,0.584812,0.664791,0.586376,0.514484,0.633194,0.588603,0.661885,0.493755,1.06727,0.545979,0.941705,0.61845,0.537127,0.512261,0.568887,0.520888,0.492417,0.677027,0.651315,0.69103,0.704651,1.17825,0.647335,0.431548,0.643637,0.709083,0.701649,0.560365,0.658485,0.635931,0.562224,0.593047,0.662815,0.910775,0.622988,0.622594,0.789223,0.632314,0.630793,0.594691,0.490376,0.718029,0.616647,0.561253,0.676753,0.494745,0.626473,0.544689,0.495853,0.653848,0.528795,0.789066,0.605101,0.751807,0.850274,0.573221,0.557264,0.539106,0.601113,0.653662,0.550265,0.88111,0.488433,0.480945,0.614307,0.600257,0.733668,0.493265,0.515527,0.88514,0.665969,0.50737,0.506286,0.672278,0.552041,0.456721,0.482735,0.548011,0.52524,0.686353,0.455666,0.5579,0.529939,0.510237,0.53502,0.409305,0.638949,0.644648,0.468308,0.385733,0.480731,0.512891,0.560269,0.656549,0.446844,0.599266,0.592089,0.541839,1.04321,0.468991,0.652137,0.500114,0.481193,0.449939,0.508707,0.609738,0.561434,1.10164,0.599705,0.804135,0.503775,0.818896,0.549155,0.473456,0.593596,0.623831,0.462272,0.869089,0.726014,0.653061,0.600088,0.464016,0.610467,0.623819,0.653765,0.415205,0.556317,0.428701,0.55462,0.570809,0.532982,0.611068,0.553144,0.419223,0.437686,0.470932,0.45733,0.686002,0.813336,0.576099,0.358999,0.545814,0.468349,0.567847,0.858472,0.512764,0.693338,0.538135,0.551042,0.495747,0.476831,0.702629,0.501935,0.800725,0.47114,0.420239,0.664996,0.472183,0.398382,1.23119,0.551235,0.657452,0.698191,0.494216,0.588782,0.53948,0.61972,0.613192,0.654366,0.474177,0.53341,0.433991,0.610556,0.610313,0.478924,0.572578,0.466683,0.862891,0.64308,0.53478,0.673874,0.478075,0.550566,0.621465,2.94956,0.527859
20191205c1,Trace min (20ms window after stim),4,RSPagl,92,1340,0,14,7,163,3,23.5,21.5,1,247,24,9,285,-2.213,-0.409669,-2.90915,-1.14106,-14.7195,0.111077,-1.30681,-2.39095,-1.12617,-3.17582,-3.30819,-0.74141,-1.25797,-2.34054,-0.595299,-1.94488,-1.73584,-0.982544,-1.68758,-11.2452,-0.886216,-2.07942,-2.1641,-1.0221,-10.541,-0.773309,-1.38376,-2.53026,-1.53359,-2.7438,-1.64483,-0.368055,-2.9049,-2.22056,-2.29127,-1.09616,-2.96009,-0.302205,-0.604034,-8.22081,-2.4814,-1.8253,-12.7274,-0.507137,-0.31847,-2.97779,-1.18142,-0.167259,-1.12653,-2.90895,-2.45135,-1.67827,-1.12185,-2.60001,-7.16997,-1.04027,-2.88138,-0.479795,-0.114541,-1.92973,-1.6896,-0.622047,-1.34584,-1.98813,-1.08739,-3.09178,-0.414123,-3.17768,-6.15804,-0.096684,-1.13755,0.00464724,-1.73171,-1.42683,-2.8212,-1.07429,-8.46105,-1.88493,-0.216643,-0.759537,-2.25399,-1.93176,-5.19124,-2.4758,-1.15929,-1.17329,-2.14834,-0.0778487,-0.723511,-1.7612,-1.8015,-1.75818,-2.98124,-4.94117,-1.08595,-0.74565,-17.2425,-0.75184,-3.46748,-2.18968,-2.42151,-0.381973,-4.69322,-2.38073,-1.4203,-1.65215,0.779288,0.0144151,-1.41489,-2.98316,-3.16567,-14.2893,-2.37879,-0.406772,-3.26707,-3.03643,-2.51002,-3.72731,-1.07733,-1.37947,-1.62014,-2.25548,-1.18343,-2.8183,-7.7456,-0.337511,-1.91803,-0.522749,-1.11961,-0.742568,-6.89987,-2.3025,-0.650549,-1.23456,-0.671931,-2.81361,0.546263,-2.47753,-2.81737,-12.5053,-0.226153,-1.12136,-2.86616,-1.03418,-15.1545,-0.168114,-1.0713,-2.87351,-3.30198,-1.28482,-0.820444,-1.98618,-2.20116,0.0554958,-2.11866,-2.68869,-0.844662,-1.02849,-0.986725,-0.827452,-2.90799,-2.75079,-0.658675,-2.1673,-1.84219,-2.14755,-1.89579,-2.23851,-1.52879,-3.17638,-2.00747,-0.0861222,0.29207,-1.77681,-1.31066,-1.88466,-0.948345,-2.29259,-1.47506,-0.878514,-1.60199,-0.136817,-0.762936,-1.30871,-2.0073,-0.443284,-2.43529,-1.97582,-0.315128,-0.622814,-3.64787,-1.96765,-1.15652,-0.445479,-1.33923,-4.24949,-2.90286,-1.15588,-1.43176,-0.486534,-0.588863,-10.5083,-0.705195,-0.635242,-0.606263,-1.52973,-0.634648,-0.861016,-2.55783,-1.74326,-3.49381,0.296679,-1.26807,-2.04418,-0.444386,-1.38049,-0.593965,-2.02951,-1.09264,-0.806047,-4.59661,-0.425229,-2.48489,-1.59523,-0.817262,-2.84646,-1.27133,-2.59149,-1.39724,-1.43224,-3.05239,-1.86466,-0.933371,-4.94226,-1.16095,-2.05358,-2.45748,-3.37873,-1.23697,-1.24253,-0.738914,-2.48022,-1.51553,-1.0287,-0.867675,0.771958,-1.91493,-2.90799,-1.71662,-1.37946,-3.62514,-0.708195,-0.193529,-1.27482,-6.19967,-0.161933,-3.45529,-3.39708,0.124595,-2.28045,0.548777,0.0532356,-7.76451,-0.810869,-0.697943,-2.25071,-1.76428,-1.91592,-2.0432,-1.96105,-0.362275,-9.15158,-1.52525,-0.61163,-1.53826,-0.93182,0.209087,-0.873381,-0.804331,-2.38531,-8.06586,-1.81357,-0.676998,-0.326071,-11.3216,-2.56608,0.591975,-3.93549,-28.4381,-156.061
,Area (50ms window), ,,,,0,14,7,163,3,23.5,21.5,1,247,24,9,285,-76.5174,48.2949,-81.145,40.3203,-362.48,203.691,5.2056,-18.9314,42.7627,-27.7964,-13.7595,45.8856,-2.71958,34.8814,139.721,-26.4217,12.0936,12.4183,71.3252,-260.451,182.449,-21.9286,-81.7402,71.416,-198.324,141.49,17.5357,-62.1245,35.717,-31.046,16.0595,64.7248,0.926457,31.0989,-26.4232,59.2001,71.4054,-12.3197,84.7919,-161.873,87.261,-25.7902,-292.763,185.769,52.3043,-120.985,-42.9435,89.3716,-3.28004,-45.0644,-88.5015,-43.9183,72.9314,-96.0144,-181.14,142.651,-83.3824,-20.9409,39.8773,-2.48248,-93.7388,60.1516,-23.4798,17.4838,28.9844,-63.7197,31.0796,-53.651,-104.943,80.2206,39.2578,20.6968,-17.1396,-7.74314,17.7703,4.93507,-246.421,122.167,-4.45905,50.7071,-12.5285,-5.89929,-62.4972,-5.73453,9.0541,9.48035,-34.4497,43.9329,31.6129,16.8744,-0.275864,-15.6951,-73.7815,-68.9335,59.1464,18.1201,-427.764,199.947,-33.4339,12.0648,-38.4089,96.4608,-95.7827,36.3981,43.7245,-65.3938,73.9718,46.5995,-56.2997,-21.3466,34.7956,-281.501,101.548,76.8261,-37.0471,-59.5788,-114.467,-48.4261,74.8425,-0.688387,12.7639,32.6092,-10.5485,47.9786,-209.457,148.69,13.1706,19.3183,-29.0963,-27.147,-116.876,3.78102,97.8701,-22.8265,61.943,-37.6493,85.3024,-53.4115,-64.3153,-322.853,216.676,33.6286,-86.1773,21.1956,-265.058,200.017,-29.7844,-68.6764,-42.3864,61.0278,9.66081,-38.888,-10.6481,27.8499,-24.7831,-24.5423,23.533,22.4428,20.0764,9.18217,-68.1514,-33.4064,86.2665,-11.828,-39.238,-24.3609,67.6285,-79.3638,0.171801,-73.3444,15.4262,88.2265,52.832,-38.7667,0.00847662,-52.9166,50.3792,-51.5621,72.9015,-27.6578,8.61279,40.3955,45.6543,25.1279,-66.4104,92.5297,-27.4071,9.1373,-2.94112,27.0951,-141.998,14.9273,49.4177,37.9562,-16.1594,-193.997,-14.5145,35.1904,-10.4946,16.2708,16.2193,-208.556,127.807,45.1667,42.5454,30.6385,41.9983,-27.2202,-39.5279,-49.6235,-6.63612,102.649,29.2066,-28.8477,92.7188,9.89148,72.1066,-53.6617,39.5133,30.5568,-104.297,71.1205,-35.3445,20.7867,-13.9435,-79.822,54.7088,-31.7274,57.772,-20.9556,-58.4097,-15.7012,84.9951,-24.2028,65.5904,-26.6248,-60.7804,-51.5453,-5.7698,18.7247,68.2195,18.66,-14.7243,10.9557,29.2207,42.2157,-36.0789,-20.3839,17.289,-42.7484,-62.1929,41.8829,53.4657,-20.3561,-161.772,121.238,-127.006,-18.6879,63.8783,-0.720817,73.3699,11.0873,-157.21,109.019,-8.64538,-32.476,-14.3104,-67.7137,-26.3651,1.20275,24.5194,-202.391,9.83794,61.3998,6.49561,36.2055,59.7758,-49.0219,-29.3113,-8.27117,-113.977,24.6443,35.5843,7.36159,-320.485,88.1301,99.8952,-73.808,-663.654,-4978.13
,baseline SD (40ms window before stim), ,,,,0,14,7,163,3,23.5,21.5,1,247,24,9,285,0.750159,1.38812,0.710685,1.10415,0.830791,0.972065,1.07544,0.801505,0.749272,1.47667,0.991381,0.708686,0.953873,0.938285,0.730912,0.607438,0.837811,0.707795,1.19298,0.870646,0.905398,1.27603,1.04421,0.838448,0.715343,0.83362,0.93753,0.747175,0.746878,0.66838,0.603904,0.93094,0.8115,0.688474,0.855865,0.940541,0.689285,0.592139,1.03643,0.61068,0.702703,0.793101,0.704685,1.03304,0.940903,1.02532,0.695894,0.626435,0.646774,0.79793,0.66696,0.878147,0.620335,0.603653,0.646624,1.00345,1.081,0.768798,0.779295,0.554975,0.983743,0.559695,0.779737,0.620973,0.707617,0.808055,0.635906,0.892047,0.904891,0.802568,1.10036,0.865378,0.698843,0.735422,0.76799,0.689156,0.679928,0.773515,0.742714,0.776374,0.750598,0.802484,0.75572,0.664155,0.948297,0.652762,0.724148,0.707977,0.553109,0.59214,0.637396,0.918709,0.623458,0.599893,0.604021,0.728172,0.895364,0.665724,0.603859,0.666583,0.905311,0.74779,0.581625,0.786699,0.710215,0.808438,0.798237,0.818093,0.751073,1.10849,0.602893,0.798689,0.764842,0.852677,0.808201,0.824506,1.10676,0.668262,1.21762,0.783131,0.803939,1.14951,0.845222,1.27502,0.714653,0.730278,0.824389,1.14565,0.541837,0.757879,0.649003,0.702084,0.696164,0.74999,0.701555,0.771257,0.983033,0.750608,0.812543,0.93572,0.828752,0.853446,1.08764,0.8041,0.63925,0.651232,0.837316,0.833432,0.90175,0.830254,0.824523,0.880913,0.737902,1.02157,0.974272,0.864242,0.969355,0.857255,0.747509,0.939093,0.890539,0.741214,0.84036,0.710126,0.697012,0.677886,0.762181,0.939641,0.633071,0.777948,0.623146,0.878694,0.695352,0.843817,0.877045,0.8147,1.03711,0.837947,0.959834,0.806097,0.630198,0.607121,0.852284,1.0715,0.801978,0.627706,0.751009,0.688464,0.985186,0.696012,0.837185,0.827627,0.7739,0.625289,0.745989,0.957899,0.641831,0.682435,0.823191,0.748877,0.918679,0.693972,0.968279,0.643493,0.668594,0.959038,1.11934,0.638474,0.680267,0.617695,0.726491,1.12869,0.845294,0.640579,0.997361,0.736081,0.904113,0.603346,0.671075,0.658405,0.712939,0.814659,0.682918,0.9058,0.638583,0.991722,0.571147,0.683828,0.751802,0.623984,0.876362,0.551517,0.6809,0.764018,0.899089,0.839175,0.741921,0.682425,0.619604,0.802911,0.513886,0.690124,0.573031,0.736981,0.599227,0.764483,0.835909,0.876514,0.700112,0.751834,0.774235,0.830655,0.627257,0.776887,0.749555,1.165,0.854371,0.613442,0.827495,0.76779,0.8626,0.788691,0.664694,0.844196,0.646175,0.634119,0.768964,0.812706,0.828715,0.714085,0.797784,0.68488,0.739945,0.573164,0.741126,0.733852,0.604386,0.780965,0.584247,0.569402,1.04361,0.619582,0.673345,0.774744,1.16827,0.649951,1.28522,0.787951,0.905904,1.08948
20191205c2,Trace min (20ms window after stim),5,RSPagl,92,1160,0,11,7,127,4,22,18.5,1,211,24,11,287,-1.02684,-2.07782,-1.75035,-4.92061,-1.84991,-0.581023,-1.41651,-9.48389,-6.12407,-0.385026,-11.965,-0.847306,-14.4265,0.269508,-0.79324,-0.797315,-1.27783,-2.26397,-0.776234,-2.77226,-1.07541,-0.66157,-1.78365,-0.705927,-1.87866,-3.30335,-2.34885,-1.30234,-7.04912,-4.9102,-7.65416,-1.19959,-1.60369,-1.23174,-1.81671,-0.314591,-1.18174,-1.13691,-1.57424,-11.8921,-0.765114,-1.91439,-0.846694,-13.1692,-2.54532,-0.651548,-0.869026,-0.869903,-0.327245,-0.411026,-1.89104,-1.17713,-0.689789,-4.94881,-1.48989,-1.28518,-0.882952,-8.13337,-1.11517,-0.558478,-1.25686,-0.787031,-0.303323,-1.06293,-0.90073,-0.854668,-0.3695,-13.9404,0.1933,-0.201593,-4.13262,-0.480033,-2.07632,-8.38813,-0.386776,-11.5862,-0.722764,-1.45122,-1.20834,-0.707452,-0.984553,-0.58201,-0.987703,-15.7846,-0.690678,-0.511656,-0.843564,-1.62464,-6.86871,-0.205042,-1.19946,-1.61432,-1.96369,-2.40173,-0.425941,-1.35476,-6.97028,-2.12217,-2.03657,-0.967736,-7.17244,-0.154456,-12.5091,-0.363108,-0.936285,-1.02953,-2.54416,-0.591472,-3.31602,-3.88229,0.0938698,-7.55514,-7.02081,-1.91414,-0.593601,-0.848145,-0.76413,-0.517681,-0.875633,-4.66084,-1.63072,-2.07921,-2.10918,-6.67732,-2.73057,-0.839893,-1.55556,-2.33071,-0.847588,-1.35987,-0.244396,-1.47362,-0.725338,-0.779189,-0.224525,-1.00698,-0.369034,-0.840512,-1.03525,-0.772767,-0.563344,-0.65122,-20.9874,-2.22811,-2.08126,-1.15467,-1.82538,-0.626553,-1.03359,-3.7043,-0.115199,-0.119716,-3.23194,-0.356623,-0.417973,-5.52602,-0.508953,0.251628,-4.5916,-0.37695,-2.08289,-16.0849,-0.360818,-1.0725,-1.00763,-0.891025,-1.42178,-0.0266456,-6.03007,-0.882732,-1.32415,-0.706191,-2.04277,-1.18231,-0.83521,-1.04882,-0.498768,-0.58359,-1.5304,-1.1203,-15.9169,-1.65439,-1.67661,-0.758292,-3.79961,-1.89825,-0.955434,-0.778777,-0.636257,-1.6333,-1.03878,-9.59424,-4.85083,-0.617143,-1.48297,-2.44877,-2.84152,-1.65972,-1.55843,-0.557258,-1.47726,-0.667215,-2.03927,-1.37612,-4.71885,-1.73093,-0.446952,-0.740727,-0.960091,-0.459756,-0.980991,-3.44032,0.0212544,-1.06553,-1.06926,-1.28823,-0.103852,-0.801393,-0.497306,-0.912818,-0.795501,-0.764984,-12.8744,-0.744613,-0.483227,-1.78402,0.356824,-1.17761,-0.855959,-2.29346,-0.00289393,-1.82709,-2.23396,-2.91877,-0.464179,-1.07758,-3.55752,-3.49742,-0.657849,-0.531515,-1.76053,-2.06439,-1.14005,-1.74341,-0.779287,-3.295,-10.8741,-0.722674,-20.15,-0.650811,-1.51282,-0.0676122,-17.9231,-0.778417,-1.27413,-0.671168,-1.33786,-0.599179,-0.491526,-0.742854,-5.37836,0.0396486,-9.00611,0.0904445,-1.61991,-3.53801,-1.32812,-1.38772,-1.68116,-0.692272,-1.55546,-0.950016,-1.04987,-0.957587,-0.84884,-0.280434,-0.754625,-0.328466,-0.559268,-1.57882,-2.18153,-3.13134,-0.809908,-1.11089,-1.28822,-0.67787,-18.0719,-1.69626,-47.5192,-169.914
,Area (50ms window), ,,,,0,11,7,127,4,22,18.5,1,211,24,11,287,10.405,2.88663,-4.29354,-38.5549,-29.4639,38.9703,0.372571,-116.038,-2.68707,42.0863,-254.025,109.532,-294.841,191.343,6.14478,3.12645,-3.80496,5.38767,-9.00095,-45.409,14.656,17.5917,-1.29158,15.5433,-24.581,-38.1484,-13.1764,7.12078,-148.555,28.5881,-119.526,60.2085,20.8677,-10.5744,-2.95523,19.8515,8.81336,6.68865,-3.84037,-275.318,137.686,-5.87873,20.4469,-304.022,127.366,31.7002,6.09987,-9.13743,15.267,3.03166,-17.1333,-7.07014,14.2509,-54.7431,22.5665,19.4883,-2.80126,-79.7641,34.1154,26.7063,6.06867,-21.2481,4.3767,12.4139,-13.8921,21.4496,11.8936,-339.489,206.868,15.4198,-62.3068,35.2129,-7.46285,-85.7374,44.2918,-157.94,90.7109,-19.9074,4.92238,-18.5697,20.6709,7.36107,-8.88079,-334.565,178.762,11.3699,-1.61308,11.3177,-67.9636,61.3187,1.43859,-18.379,-8.29818,-32.7833,36.767,-18.5328,-168.274,79.1166,-32.5351,24.1329,-107.442,81.5562,-295.526,162.026,-0.875017,3.55237,1.64011,1.68042,-15.2092,-22.9328,42.153,-186.638,-27.0675,53.0752,4.95281,-6.29728,7.83977,14.5948,19.633,-88.468,29.4978,-27.5286,2.45812,-134.481,23.0725,42.1065,-6.56556,-25.4335,39.2613,-4.41721,10.5718,-1.87802,12.0889,12.8382,11.4167,0.737786,11.7186,-6.62052,-12.0831,24.7734,-8.84013,17.3114,-215.768,77.4212,13.4414,9.3459,-11.9094,-10.2971,17.4209,-24.9331,22.1941,-5.96743,-40.7228,48.7905,10.5706,-67.3064,30.8821,28.3417,-57.5608,38.4345,-0.756464,-187.034,110.354,20.6077,-24.5156,25.4706,-7.37897,19.8625,-81.555,35.0946,13.7257,3.50345,-11.7108,-0.849512,23.8249,7.18267,14.863,2.27547,-13.9639,4.56865,-334.209,155.471,-2.9466,11.4482,-32.1236,-16.6121,-2.73754,4.80197,32.2762,-46.9318,11.1174,-192.481,25.7765,52.0535,-24.5306,-30.6216,-1.26514,12.5695,10.6353,18.3639,-19.0988,2.33669,-13.524,-7.03401,-49.1215,33.7788,14.5093,-2.97143,15.4662,-2.54347,0.701344,-66.0649,48.7287,-13.6895,13.1198,-15.1109,18.2269,-9.69885,9.19658,8.53644,2.66814,-0.919084,-265.363,137.371,6.50468,5.43712,23.1569,8.05254,-3.35199,-48.5364,38.2681,-0.644789,-10.6582,-15.1097,15.3712,-2.14469,-43.6449,-2.11419,13.6917,9.07938,-34.1679,-17.4837,9.1853,-20.5979,21.7416,-28.9183,-113.858,72.9285,-180.774,75.8204,15.2407,18.5133,-180.853,101.155,-21.0969,27.0194,-11.93,26.4059,4.76016,8.80521,-57.5541,55.9547,-199.573,114.512,-15.2326,-60.3127,21.1383,-0.670593,8.28098,14.648,-14.3195,-12.244,7.68437,-10.5087,23.9072,15.6446,18.1786,7.60377,-0.970889,-33.1097,9.01419,-86.9263,37.5234,6.79564,-17.5663,21.8118,-173.083,59.0887,44.1544,-3251.56
,baseline SD (40ms window before stim), ,,,,0,11,7,127,4,22,18.5,1,211,24,11,287,0.521497,0.711149,0.408574,0.306109,0.320594,0.404325,0.511297,0.435249,0.371089,0.445384,0.384772,0.614435,0.409793,0.642582,0.484683,0.379824,0.390097,0.463041,0.485731,0.360425,0.356903,0.343834,0.435415,0.434092,0.472324,0.398301,0.370946,0.497875,0.597342,0.636129,0.436212,0.504201,0.393246,0.415476,0.477452,0.539224,0.453956,0.444776,0.450931,0.417715,0.578627,0.500264,0.387025,0.534829,0.577096,0.553254,0.403754,0.365055,0.726783,0.607139,0.501246,0.529504,0.491116,0.369193,0.491364,0.419812,0.502111,0.440088,0.38335,0.459062,0.667361,0.319943,0.772944,0.834938,0.533937,0.468684,0.602327,0.486385,0.494602,0.602013,0.621245,0.426463,0.458599,0.451288,0.515525,0.453204,0.548471,0.548971,0.43444,0.514587,0.365839,0.655475,0.416515,0.751678,0.390796,0.951957,0.531303,0.40584,0.508431,0.382616,0.426499,0.46512,0.480147,0.384669,0.505549,0.393929,0.391974,0.497552,0.438452,0.397767,0.81627,0.459891,0.355627,0.969999,0.399485,0.475992,0.382848,0.541019,0.791443,1.05955,0.440001,0.391106,0.470867,0.375018,0.61738,0.421368,0.364339,0.423657,0.459871,0.398592,0.423051,0.381613,0.44684,0.647594,0.532485,0.663584,0.653982,0.850954,0.538978,0.517172,0.440111,0.447661,0.600333,0.562769,0.471276,0.502929,0.618713,0.528805,0.696512,0.403438,0.337289,0.381143,0.449375,0.524016,0.505351,0.431891,0.489199,0.344276,0.366821,0.431543,0.772788,0.854486,0.496083,0.520265,0.413191,0.509576,0.361954,1.09461,0.455719,0.686914,0.398234,1.29893,0.489361,0.568628,0.462093,0.494323,0.537247,0.713269,0.425882,0.583665,0.498059,0.424362,0.385485,0.450866,0.501777,0.545211,0.631144,0.462345,0.425961,0.503081,0.410818,0.452087,0.467789,0.705939,0.343763,0.373988,0.431354,0.346706,0.502268,0.401894,0.34491,0.620166,0.422835,0.492337,0.595118,0.370567,0.382448,0.461086,0.419316,0.432431,0.351905,0.598323,0.540188,0.441421,0.625163,0.466815,0.516581,0.508035,0.412889,0.486638,0.332848,0.374357,0.531985,0.478276,0.434289,0.372627,0.504755,0.335274,0.446578,0.623719,0.398823,0.484449,0.527802,0.331419,0.420172,0.451838,1.07452,0.359985,0.322728,0.869622,0.543939,0.514433,0.381187,0.350603,0.389746,0.332629,0.421764,0.327427,0.634846,0.401086,0.498478,0.746734,0.445212,0.439368,0.434727,0.378756,0.606916,0.421015,0.347383,0.648445,0.395196,0.646381,0.589013,0.679557,0.485891,0.665579,0.425192,0.395437,0.437157,0.527989,0.388933,0.796803,0.410242,0.616113,0.380841,0.577525,0.354213,0.473717,0.548563,0.433859,0.786012,0.510817,0.414398,0.63442,0.536417,0.924217,0.398978,0.378662,0.428954,0.32327,0.400806,0.453005,0.373415,0.354516,0.543923,0.500001,0.370118,0.380634,1.45974,0.38083
20191205c5,Trace min (20ms window after stim),8,RSPagl,89,1220,0,13,7,151,4,24,23.5,1,271,24,6,282,0.00512626,-1.53243,-5.60917,-1.57409,-15.4416,-3.5159,-2.31935,-2.3158,-10.0796,-2.16536,-1.07662,-1.32305,-1.08566,-2.24126,-2.08336,-1.0884,-1.60155,-0.790361,-2.43349,-16.7019,-1.70878,-1.54205,-1.73887,-4.89453,-2.62277,-2.88846,-2.12323,-1.16911,-2.91502,-1.13246,-46.1361,-1.11879,-7.27646,-0.299821,-0.233017,-1.85892,-2.48577,-1.76027,-2.54278,-2.43477,-0.640495,-0.935817,-1.95689,-2.4788,-0.788314,-0.731279,-30.0579,-2.33254,-2.25182,-2.34418,-4.28566,-2.22984,-1.37509,-0.502836,-1.70401,-2.18018,-1.19299,-1.82075,-1.67316,-2.42658,-2.05499,-3.5831,-0.322051,-1.32892,-0.42577,-1.47712,-3.64955,-0.615821,-3.7955,-2.32669,-14.4145,-0.420894,0.151411,-1.79955,-7.14925,-2.3276,-0.632127,-2.1042,-2.56742,-1.27616,-1.75588,-1.55364,-1.93598,-1.57888,-2.00573,-0.0768246,-1.04222,-1.93804,-1.87533,-1.52166,-1.73575,0.775202,-1.33708,-10.3579,-0.993431,-1.51121,-9.30621,0.12987,-3.39292,-1.35271,-25.6746,-1.51504,-0.364404,-1.33802,-2.16102,-1.40051,-4.83392,0.322475,-0.822382,-1.96573,-2.3681,-14.4866,-48.6351,-1.46222,-1.02746,-2.96951,-2.82209,-1.0023,-0.792997,-1.58024,-2.25545,-2.07443,-1.5661,-0.811515,-5.23032,-2.65628,-2.45976,-10.2194,-0.642313,-1.8884,-9.32364,-2.1564,-1.76767,-1.3153,-2.59974,-2.48442,-2.16874,-10.4843,-2.38913,-12.5029,-1.77464,-1.55295,-1.30977,-1.02408,-9.0708,-0.900055,-1.72849,-1.1219,-1.70102,-3.54972,0.1211,0.693954,-21.1769,-0.673419,-0.974161,-5.603,0.101206,-2.22868,-2.00705,-0.814844,-2.01577,-2.64186,-1.71602,-2.16649,-1.04217,-1.46666,-1.58418,-1.82382,-8.8498,-0.882683,-2.03723,-2.34176,-3.11791,-1.89978,-0.86301,-1.74428,-1.12106,-0.154059,-2.42539,-2.45508,-2.17856,-0.860427,-30.5212,-2.68938,-2.28647,-3.23974,-1.33524,-1.06062,-0.965112,-1.68407,-1.14351,-2.57877,-14.8333,-0.194223,-0.94782,-30.0163,-2.71018,-1.85901,-0.620141,-1.51188,-2.02581,-1.63251,-0.579618,-2.24571,-1.10495,-1.92082,-2.50024,-1.39079,-0.494986,-1.24532,-1.35641,-0.653845,-2.4184,-3.40351,-9.4662,-1.99751,-1.70968,-0.767937,-3.25543,-1.45286,-4.95236,-1.77264,-0.195167,-1.24,-0.664534,-3.41117,-3.80583,-0.914707,-3.03769,-1.6705,-2.49751,-0.940281,-2.64211,-2.31411,-2.21686,-3.07242,-2.12447,-2.13443,-4.08556,-0.992133,-1.18773,-1.68703,-3.42987,-0.833414,-0.952129,-2.53108,-1.58766,-1.4193,-21.4786,-0.498409,-3.66798,-3.67817,-2.68651,-2.15274,-1.33643,-1.4167,-1.45269,-1.36671,-1.63507,-2.73504,-1.99388,-1.59197,-1.18266,-1.64197,-2.13353,-3.35754,-2.06788,-1.94773,-36.2594,-1.24956,-1.29824,-10.0488,-1.59745,-1.09022,-2.82337,-1.71974,-2.26282,-1.17943,-1.69908,-2.18505,-0.765887,-1.28623,-2.14048,-2.35248,-0.578604,-3.21088,-1.97996,-1.99637,-110.681,-212.776
,Area (50ms window), ,,,,0,13,7,151,4,24,23.5,1,271,24,6,282,43.4801,-2.25098,-95.864,92.534,-414.44,161.05,40.2298,-53.9793,-60.7583,91.391,4.77959,23.374,-34.0392,-37.013,72.8395,26.1484,-48.0206,-1.62159,19.6973,-283.947,132.92,1.19057,9.03214,-46.6621,9.94574,32.2333,-17.0236,-1.92744,23.59,-32.6552,-535.257,317.04,-103.758,119.704,35.2156,-36.2179,-41.9802,6.00654,-53.1013,-34.7428,89.6917,-18.1779,-9.26235,-0.895184,62.9256,-13.6322,-294.263,56.9338,-9.16288,7.71377,-72.3385,-33.2579,10.982,27.3666,42.888,59.7135,25.5492,26.0723,31.1499,74.7129,-40.1109,-20.3512,45.2751,-14.405,71.1038,-37.3413,-13.813,81.2147,-94.9231,22.2528,-203.534,112.598,43.6827,-50.7784,-76.5195,41.4888,44.7122,-80.6064,-34.0339,25.6231,-13.7935,12.4803,10.6653,21.3057,-30.6928,67.914,37.8642,21.7455,-34.7169,50.1848,15.412,48.0498,-31.8397,-194.776,152.565,5.69987,-207.137,180.909,-52.282,74.2261,-407.843,189.529,76.4845,28.2069,3.48209,-33.3007,-14.8504,58.4965,57.6045,-0.623072,37.3375,-286.204,-425.76,246.045,40.1062,-39.65,11.134,6.26775,38.262,9.74615,-15.6479,-21.5831,16.2804,101.544,-105.986,53.1206,-7.80611,-138.588,56.2408,37.3255,-183.325,71.0987,-59.7858,39.4729,1.36311,-25.8024,14.8549,-277.663,105.221,-253.748,130.656,30.8291,2.28766,30.674,-206.484,137.316,-4.13598,-12.0504,-26.9948,-49.8177,77.2142,53.9785,-268.646,125.301,36.752,-57.7673,131.215,-3.96952,47.4507,24.4521,-20.625,-13.9861,-14.0803,-30.9711,72.3838,17.1497,-74.2117,-82.8865,-99.2629,60.1051,0.182684,29.7776,-24.5205,25.9537,14.7238,17.9437,24.8829,60.6641,-15.0569,-17.0759,-28.0472,33.3293,-428.417,194.805,-18.0832,-42.3613,-5.20006,69.8202,24.8584,36.8644,31.0894,-20.3149,-87.8977,138.346,-10.5633,-309.095,110.932,18.2102,110.347,-68.9814,32.9838,23.9893,48.5747,-68.0903,4.56844,-7.43516,34.697,15.9811,-10.479,63.3948,-25.3692,60.3541,-20.4499,-15.377,-244.64,60.3049,-4.89503,57.9413,-60.1625,29.7516,-128.83,39.837,15.148,-15.7293,62.1534,-46.3413,-62.3594,92.2497,-8.12383,-28.4138,-18.7529,-17.6758,-4.00863,47.8265,1.51422,1.5063,-32.5424,-0.876002,-27.5827,19.023,20.5171,14.9304,-22.1273,61.4866,13.6195,1.69322,-3.28978,-25.6972,-261.599,149.025,-42.1764,13.9516,-23.4704,25.9818,26.1516,-10.693,52.3901,14.583,12.9436,-80.2619,-18.2418,26.8977,39.109,50.5986,4.03938,-94.8312,-0.741161,40.0872,-388.221,221.866,-3.39406,-180.145,78.1159,33.953,-10.0029,-25.5859,24.7337,19.3324,-20.2053,2.44825,17.5626,25.8221,6.17833,-18.684,25.061,17.9042,10.4096,-5.18161,-1422.54,-3134.64
,baseline SD (40ms window before stim), ,,,,0,13,7,151,4,24,23.5,1,271,24,6,282,0.902052,1.33666,1.06483,0.873342,0.894622,0.716375,0.834805,1.17948,0.731834,1.08984,0.940312,1.1249,0.840756,0.836981,0.865896,0.852014,0.993901,1.22409,0.841759,0.803239,0.857611,1.07124,1.0252,1.01362,0.724892,0.768447,1.20107,0.884064,0.876334,1.03117,1.03647,0.75261,1.62444,0.847231,0.867246,0.88755,0.74239,0.870596,0.789088,0.920728,0.664715,1.45735,0.617342,0.928105,1.13301,0.910346,0.733179,0.799678,0.852092,0.979036,0.92676,1.17231,0.876536,0.902153,0.861753,0.830353,0.963276,0.982901,1.62324,1.00138,0.859096,1.07047,0.909796,0.817301,0.822186,0.901615,0.895335,1.14176,0.852594,0.826131,1.00092,1.30018,0.884623,0.841665,1.27159,0.811932,0.884599,0.829724,0.750405,0.777964,0.919137,0.667134,0.700435,0.798093,0.922721,0.558262,1.02144,0.8285,0.810389,0.935949,1.00509,0.946712,0.79107,0.76939,0.985823,0.670316,0.75271,0.744408,0.555368,0.784045,1.19723,0.998047,0.717509,0.639258,0.954574,0.955517,1.03871,0.759722,0.706352,0.738624,0.744716,0.834981,1.37106,0.939955,1.0566,0.894559,0.810983,0.820379,0.983629,0.811147,0.966413,0.639489,1.08835,0.716758,0.68881,0.864714,0.713121,0.889466,1.16246,0.809904,1.14657,0.790523,0.951149,0.917102,0.766486,1.11505,0.768473,0.915571,0.850038,0.981736,0.902622,0.803402,0.705128,0.722548,0.865483,0.904675,0.668487,0.705269,0.986286,0.899012,1.08113,0.740023,0.692657,0.80939,0.582189,1.02384,0.694694,0.983257,0.871253,1.14583,0.893266,1.14762,0.763369,0.627693,1.02136,1.28909,0.787956,0.773313,1.16745,0.989902,1.14192,0.819936,1.05017,0.871789,0.743019,0.770063,0.911135,1.0128,0.732686,1.10511,0.80808,0.716828,0.777423,0.775156,1.03712,0.806163,0.700708,0.857991,0.78235,1.15652,0.872021,0.716219,0.810917,0.893836,0.830989,0.883675,0.714855,1.34164,0.951685,0.601775,0.953123,0.736054,0.740424,0.645909,0.974592,0.604247,0.743235,0.609254,0.813357,0.77183,0.933247,0.829764,0.725985,0.675489,0.892286,0.824857,0.981958,0.800234,0.972704,1.05567,0.734949,1.01761,0.605107,0.782568,0.739465,0.886616,1.06164,0.840603,0.615621,0.614843,0.818363,0.867688,0.627989,0.71608,1.1956,1.12072,0.739531,0.7109,0.831552,0.877823,0.723045,0.856584,0.730492,0.689804,0.933548,0.767248,0.614453,0.706806,0.869778,0.695374,0.821743,0.582886,0.891462,0.861734,0.778735,1.09432,0.862555,0.847292,1.05513,0.758585,0.957005,0.804779,0.644098,0.863363,0.634946,0.687277,0.804744,0.630893,0.678254,0.917718,0.753564,0.822808,0.743805,0.694434,0.737728,0.869864,0.788116,0.945097,0.898364,0.951175,0.689248,0.62446,0.813364,0.785948,0.633502,0.773892,0.749467,0.883575,1.30709,1.15532
20191209c0,Trace min (20ms window after stim),9,RSPagl,91,1180,0,13,6,150,1,22,19.5,1,223,24,11,287,-1.92437,-0.969173,-0.512901,-3.88519,-10.5354,-2.64372,-3.58734,-2.49539,-2.25783,-3.78558,-8.91442,-0.82233,-10.4737,-0.727836,-2.16515,-2.65801,-0.741351,-2.06553,-2.10655,-17.5971,-0.289692,-2.36324,-2.31532,-1.18629,-4.74554,-2.10011,-4.58407,-2.12626,-7.26855,0.426874,-2.45104,-1.13825,-4.13095,-1.52069,-2.22073,-2.7273,-1.35067,-3.47381,-0.493516,-9.9656,-2.16046,-0.742188,-1.45752,-11.9307,-1.21205,-4.27584,-3.14756,-0.753847,-0.647302,-2.56167,-1.88581,-1.00676,-3.37641,-2.3375,-0.120467,-0.743208,-2.7832,-1.36353,-1.07822,-2.09886,-3.93889,-1.08006,-0.968752,-1.08388,-1.97349,-2.85065,-0.168806,-9.9031,-4.68856,-2.55149,-1.06549,-0.739089,-3.71766,-0.803513,0.337269,-1.36634,-3.55097,-1.54949,-1.2387,-2.54178,-2.43555,-1.6513,-1.12499,-8.50386,-1.80612,-0.933332,-0.889584,-0.722299,-1.32061,-0.450393,-1.99338,-1.99147,-1.27149,-2.57098,-0.96443,-1.73417,-17.1551,-0.163617,-2.87913,-2.05657,0.0200188,-0.822599,-12.5235,-2.34473,-0.816002,-2.56544,-2.96652,-1.41343,-2.08511,-2.12742,-0.855663,-16.538,-0.021055,-2.69014,-1.9663,-1.57505,0.154902,-2.40001,-1.36448,-1.16575,-1.88692,-0.773291,-1.53862,-8.79372,-3.11886,-2.07271,-0.880285,-0.633141,-1.91342,-2.18322,-1.3203,-2.06596,-0.92607,-2.48815,-5.98334,-1.21384,-0.790098,-1.91725,-1.43309,-2.60095,-3.14673,-1.89538,-0.846868,-0.561192,-6.37084,-2.18164,-2.72488,-1.07327,-0.292417,-1.63717,-3.51673,-0.477651,-1.12006,-1.67677,-2.62981,-1.01829,-2.25292,-0.618772,-1.81333,-1.27186,-0.394645,-2.3063,-2.49512,-1.10527,-1.11352,-2.22757,-2.00734,-1.20125,-0.861389,-1.35217,0.00382232,-0.683952,-1.11171,-1.59724,-2.12212,-0.984324,-2.64403,-3.50682,-3.90964,-2.3313,-12.6578,-0.73788,-1.7043,-1.64565,-2.03245,0.219564,-1.99525,-3.26223,-0.534797,-1.03736,-2.03677,-16.5483,-1.36165,-3.27906,-1.77379,-5.12067,-2.75712,-1.11236,-1.96402,-1.34705,-1.97855,-3.97312,-0.971942,-1.18404,-0.495988,-1.53414,-3.23463,-1.11379,-3.67687,-0.512796,-2.02493,-3.63091,-0.893804,-2.01752,-3.0155,-0.328791,-1.48551,-2.82595,-1.46028,-2.14332,-2.76424,-1.74803,-8.4543,-2.3881,-1.28985,-1.28743,-3.69133,-1.84731,-0.633249,-5.63067,0.0804632,-1.43923,-1.87934,-0.165292,-3.34487,-1.19068,-1.80815,-0.426561,-1.31327,-2.05069,-2.20347,-2.47803,-1.30439,-2.0325,-2.50381,-2.13445,-1.07798,-1.9205,-0.886542,-1.15044,-1.99367,-2.07507,-2.74187,-2.12764,-1.75373,-1.02706,-1.814,-0.808701,-2.52893,-1.28966,-2.47367,-4.54833,-5.09144,-2.51577,-3.27079,-3.01495,-1.56474,-1.36251,-3.04803,-1.14561,-1.47476,-12.0036,-0.986991,-3.16295,-2.82527,-1.56535,-2.76064,-1.1666,-1.61726,-2.44974,-2.69662,-0.199808,-1.38544,-2.33398,-3.13052,-3.15669,-0.761384,-2.73808,-58.8273,-81.2293
,Area (50ms window), ,,,,0,13,6,150,1,22,19.5,1,223,24,11,287,-24.5754,-34.3157,50.8937,-98.9296,-179.473,98.1631,-33.4626,-39.6795,-11.7698,-35.5629,-167.024,136.464,-175.435,131.434,-37.3719,9.56418,-6.57329,0.460444,11.6356,-363.601,223.355,-60.7803,-35.4585,-26.6628,-55.2737,73.3305,-36.5326,47.3283,-132.844,132.897,-38.1897,23.2951,-49.7917,-6.64997,37.1603,-52.1188,43.8702,-129.771,133.841,-239.508,44.0669,28.0159,29.6365,-231.238,168.376,-75.7377,-0.56309,26.3251,-13.4881,-21.6696,-18.9421,49.6298,-67.8619,-36.9563,24.0115,12.8547,-9.26106,32.5081,26.8027,-17.4361,-75.5189,41.5762,21.5164,49.6858,9.09832,-39.7951,44.7822,-190.291,-28.122,20.2267,4.21999,30.8013,-43.9127,25.151,54.4183,-16.0462,1.01173,-3.54743,91.6136,-18.4855,-47.8741,66.4029,-6.17148,-140.744,98.9617,-3.08905,30.4944,-10.6634,-8.05344,64.7372,-30.5084,42.7132,-26.2842,-18.8499,7.80819,8.09565,-345.33,245.71,-7.2141,-49.4073,85.2695,13.9006,-277.127,142.63,3.13558,-34.0135,-14.1338,42.7916,-8.24196,26.456,37.4004,-354.908,231.26,-19.2975,-8.07689,12.9518,44.7798,3.74531,-53.3746,20.1891,-28.3283,71.0876,28.6796,-186.336,38.5574,25.4316,30.2853,52.0714,1.53463,-23.9101,7.44547,8.7752,21.227,-15.7514,-96.9074,67.9754,26.1558,-16.9294,2.30721,-23.2791,-64.4435,9.13013,32.8197,4.20734,-123.683,30.543,-45.9849,42.9343,26.2262,13.5366,-107.844,47.939,54.0151,-38.3553,-29.1945,63.484,-9.39352,13.8663,-23.255,47.7197,34.45,-59.7797,-9.58373,3.67516,63.4016,-50.3871,3.1052,-5.49065,20.1061,15.9326,-7.25817,32.0111,30.8266,-6.27665,20.6715,-17.2251,-34.2963,31.1106,-46.7454,10.1138,-303.023,167.844,53.6913,-55.7028,-10.1011,64.1923,-2.0896,8.07954,-17.3756,27.542,16.3509,-323.738,103.266,34.8846,-11.3421,-8.57259,-11.0468,-8.31814,1.48215,-17.5818,56.7993,-57.9106,17.6293,-31.35,11.2848,24.8002,5.27012,29.204,-45.9037,4.89295,-4.52024,-60.4366,13.3277,-16.4485,-7.99092,69.7686,-7.0781,-9.28886,-6.77389,-0.358703,1.54383,-16.0044,-162.125,89.1379,26.4169,-10.7502,-68.066,77.2877,45.8307,-154.643,101.936,37.1454,-4.94964,19.1117,-17.5143,56.6263,-58.0375,46.9226,-2.54071,29.425,-31.1714,-23.8947,8.2778,7.58522,-26.8528,11.8153,17.4938,-40.3255,54.9552,43.4306,-36.656,-65.7419,-8.7883,10.1021,-9.76462,16.7625,-83.4365,5.25856,-6.49054,2.66895,25.5701,-40.2556,-94.4654,87.7537,-29.8008,-56.401,31.5038,23.2984,3.11592,-10.9456,44.9184,-204.727,97.9393,-18.4879,-18.2362,17.6044,5.23576,22.0857,7.45325,6.86966,-39.394,93.8848,-16.599,-28.5614,-33.6932,-39.4728,74.2881,-36.9425,-1425.25,-1489.67
,baseline SD (40ms window before stim), ,,,,0,13,6,150,1,22,19.5,1,223,24,11,287,0.803157,1.35395,0.931545,1.26676,0.99569,0.70124,0.764197,0.922207,0.850074,1.17614,0.954656,0.763719,1.11713,0.818429,0.691942,0.884511,1.05812,0.852512,0.728176,0.906185,1.01159,0.968183,0.829437,0.810347,0.873021,1.04858,0.973979,0.923581,1.00778,0.796985,0.742245,0.93467,1.18438,0.866235,0.802387,0.906638,0.724313,1.0075,0.856399,1.00748,1.41535,1.53236,0.779527,1.0619,0.878199,0.735134,1.55507,0.828893,1.48201,0.751968,0.87378,1.21215,0.897081,1.03085,1.1643,1.04689,0.6901,0.694659,1.15156,0.775062,0.65349,1.08395,1.01787,0.882973,0.908618,0.792058,0.962306,0.802511,0.843697,0.785341,0.972186,1.14386,0.801208,1.27436,0.91043,1.05578,1.02443,0.867865,1.06902,0.866189,0.834031,1.12563,0.898433,0.860509,0.81635,0.74644,1.12377,0.791893,0.68957,0.932292,0.674596,1.0087,0.860816,1.08615,0.790675,0.917075,0.715758,0.863753,0.730545,1.13618,1.2626,0.877351,0.779368,1.06512,0.694524,0.962031,0.698017,0.614582,0.840397,0.815149,0.979495,1.15337,0.933176,0.836648,0.816061,0.713747,0.692085,0.844035,0.665754,0.928233,0.929578,0.889877,0.890769,1.04835,0.690944,0.883323,0.69297,0.715701,0.904339,0.78168,1.00785,0.882427,0.882456,0.859793,0.626836,0.751577,0.917782,0.692006,1.02493,0.790441,1.079,0.548575,0.936209,1.05558,0.867232,0.89138,0.96726,0.708795,1.08092,0.893604,0.931012,1.10294,0.79437,0.789273,0.719218,0.833008,0.677795,1.16903,0.684043,0.709212,0.742311,1.51624,0.681596,0.552496,0.830057,0.694123,0.842908,0.79139,0.895836,0.708412,1.18399,0.795534,0.929402,0.891587,0.976377,0.95554,0.819152,1.17719,0.773669,0.842262,1.20736,0.859186,0.874139,0.599971,0.886033,0.70489,0.862853,0.907989,0.800887,0.997275,0.877345,0.663639,0.581121,0.880268,1.14983,0.759622,0.826922,1.17606,0.608958,0.596213,0.676652,1.2148,0.671554,0.83174,0.845572,0.743331,0.885922,0.87865,0.662471,0.837274,0.774368,0.917185,0.687858,1.24921,0.673393,0.902382,0.627242,0.590194,0.950829,0.816362,0.85265,0.693428,0.653232,0.845927,0.724985,0.990137,0.635809,0.836147,1.42982,1.31362,0.858001,0.810743,0.657677,1.01065,0.661997,0.709287,0.780199,0.76441,0.856038,0.650968,0.563433,0.815047,0.730196,0.652066,0.557938,0.69823,0.859812,1.46103,0.686514,0.916717,0.746348,0.855504,0.920554,0.793875,0.722895,0.772813,0.747446,0.904932,0.710033,0.881236,0.678624,1.02302,0.813132,1.11393,0.895195,0.916558,0.687497,0.845428,0.912075,1.09148,1.02429,0.828723,1.0115,0.78499,0.970814,0.914833,0.754021,0.748707,0.766475,0.883518,0.939965,0.793107,1.13398,0.702105,0.726915,0.73135,1.159,0.884101,0.844122,1.19223
20191209c1,Trace min (20ms window after stim),10,RSPagl,91,1200,0,12,6,138,4,22.5,19.5,1,223,24,11,287,-1.65964,-0.658883,-1.07922,-2.55489,-3.58918,-2.45216,-1.28248,-3.43528,-1.90279,-1.75423,-5.82468,-1.44372,-3.80956,-0.387107,-1.67027,-1.68813,-0.406847,-1.76372,-1.23682,-3.05139,-1.48241,-1.39844,-4.00036,-4.57501,-1.41914,-1.95851,-1.4851,-0.201645,-4.46013,-0.896822,-4.34434,-2.32116,-1.54001,-1.79425,-1.13379,-1.09574,-2.61916,-8.95329,-3.63032,-6.63344,-0.693839,-0.909448,-2.1069,-5.21727,0.22985,-1.96158,-1.81087,-1.2515,-0.25784,-0.487944,-0.887616,-3.34214,-2.60673,-2.20961,-0.913303,-6.94136,-2.25342,-1.00105,-0.552549,-2.30252,-1.87755,-0.721803,-1.39972,-2.04166,-2.68684,-0.462118,-2.97416,-3.97739,-2.25349,-2.96997,-1.87632,-0.620732,-1.208,-1.29704,-1.04743,-3.14311,-2.00013,-6.79136,-3.26459,-3.3926,-0.974021,-2.92892,-1.13442,-6.67265,-1.73434,-0.16808,-0.645504,-0.282576,-0.238117,0.720164,-2.17779,-1.10836,-0.608804,-0.811981,-2.38844,-1.12342,-3.71096,-1.15702,-2.13763,-3.78835,-2.34833,-2.39422,-5.5507,-1.06888,-1.14869,-2.97033,-1.11138,-2.32957,-2.1214,-1.87358,0.304356,-3.32148,-2.37292,-1.4691,-0.335014,-2.68935,-0.438235,-2.2755,-2.09534,-1.38463,-7.20684,-1.10407,-1.48533,-7.60437,-1.01266,-0.275997,-0.541591,-4.70433,-1.70143,-1.75216,-2.60506,-2.68321,-0.744071,-1.88582,-10.8809,-1.78758,-0.411185,-2.28577,-0.491278,-5.26329,-0.54092,-0.117877,-2.50334,-1.67648,-2.36798,-1.11473,-8.33231,-1.03674,-1.93738,-1.11215,0.473528,-1.38234,-0.445967,0.821151,-1.56348,-1.32484,-2.01736,-4.76992,-2.27746,-2.64485,-1.72247,-1.30273,-3.15555,-2.16434,-0.588846,-3.76443,-2.81153,-1.81014,-0.477987,-0.526617,-2.79171,-2.23979,-1.42351,-2.31747,-2.52619,-1.03753,-2.23853,-1.38983,-0.798769,-0.203916,-9.2222,-0.667346,-0.614838,-2.10314,-5.22025,-0.887092,-2.28917,-2.55572,-1.76353,-1.06994,-0.917857,-5.00255,-1.47559,-1.03185,-1.26477,-1.73057,-1.58924,-3.25237,0.0362839,-0.825368,-1.88193,-0.524394,-2.0686,-2.2825,-1.99085,-1.31241,-2.12762,-2.44599,-1.52351,-0.718288,-2.71229,-1.88012,-2.59304,-1.98185,-1.52868,-1.6932,-1.3165,-2.53431,0.0980811,-6.75885,-2.63506,-2.39335,-2.43155,-0.242211,-0.937667,-1.17878,-5.25574,-0.0774979,0.211502,-3.64089,-2.52236,-3.38852,-0.924539,-1.07732,-1.43198,-1.08434,-5.1575,-1.00017,-4.73502,-1.69587,-1.25891,-1.40141,-3.07211,-1.48966,-0.91105,-4.68549,-1.63898,-1.98793,-0.894897,-2.29696,-3.10225,-4.82382,-3.17981,-0.337492,-0.0570059,-2.90818,-3.20465,-0.951962,-1.57307,-1.61942,-2.26358,-1.92644,-2.10993,-2.07665,0.467234,-2.04096,-1.67966,-1.17423,-1.75408,-1.7506,-2.49858,-2.13774,-0.834245,-3.61435,-4.80175,-0.540366,-1.30374,-3.08293,-2.71779,-2.9493,-2.16458,-0.437299,-0.145723,-1.08402,-2.36183,-1.41449,-1.68362,-1.60573,-17.6016,-21.323
,Area (50ms window), ,,,,0,12,6,138,4,22.5,19.5,1,223,24,11,287,9.00756,23.2159,-38.541,3.19832,-4.16685,-0.675192,14.867,-52.3616,17.2975,-6.29324,-91.8956,48.0137,-99.5705,63.0949,13.1731,8.4734,7.83608,-19.8361,5.35337,-39.1457,45.8077,-14.056,-42.691,-34.5881,67.2276,3.63375,-18.4913,52.1169,-95.9831,60.3648,-59.9487,23.3671,4.75997,-15.8651,22.1298,22.4274,-45.7152,-164.516,88.4887,-119.311,53.9807,45.8332,0.636249,-103.782,69.4327,-16.5112,16.8057,42.3342,-5.49722,43.1763,15.4363,-46.1191,8.57685,-6.1322,1.71206,-113.01,54.3991,29.129,51.9219,3.25755,-20.8856,22.5376,-38.9407,25.1542,-37.7646,30.3592,-11.6886,-95.074,50.1587,-21.4043,-12.6924,27.4207,8.42841,-19.1111,-21.4153,0.90525,-16.1737,-46.0237,1.03512,-9.86923,11.4671,-36.966,-10.0451,-123.71,71.5128,10.2592,-20.4645,34.605,-1.6854,52.6782,-31.9054,46.1198,3.49082,0.338144,-13.8048,33.1257,-88.0923,61.5845,-10.1829,-30.8696,10.2684,-41.1694,-46.2645,79.3314,4.84659,-10.0407,34.6566,-7.81107,10.8556,-19.701,31.4311,-38.7148,-25.9674,22.6715,46.4638,-98.9018,54.956,-7.52107,31.2602,-46.6332,-134.749,117.439,-8.72642,-152.52,42.3667,34.3569,10.7253,-29.1893,20.897,-0.860146,-58.3294,7.33536,48.7297,-40.3357,-186.382,61.7449,61.0448,-3.46398,25.6208,-68.7096,48.4633,43.1971,-16.8048,16.2266,-28.4247,20.303,-152.328,94.6468,-16.8667,23.5966,49.8404,-19.3886,12.9556,46.6176,11.8443,-23.1469,23.037,-87.9897,57.8074,-21.4049,2.70926,11.7089,-45.9343,5.22274,35.222,-26.2643,-17.3348,15.542,19.1944,25.5811,-41.4078,-2.59364,-16.041,1.13206,14.6832,34.65,-34.5032,7.52879,24.8372,51.0982,-204.825,108.772,17.4262,-29.1307,-64.848,43.2874,-6.31048,-13.0172,1.9573,38.1521,33.3939,-63.3041,33.8645,11.8185,-2.80509,-3.81716,-31.4682,10.1128,29.8412,20.34,-32.5084,23.4414,20.2171,-33.978,-4.69025,26.4243,-17.8047,-28.041,45.0167,19.7493,5.06046,-6.64046,-43.0408,7.49429,-19.8604,14.7145,-1.61078,-34.076,40.4312,2.64229,-7.03724,1.89724,-28.4007,69.5361,-6.59121,2.20511,-107.091,88.9793,8.33435,-68.3052,27.2148,-36.2446,44.8368,-3.95744,15.3425,2.90097,-116.209,68.2719,-73.0849,29.9534,17.676,11.0486,-29.8604,31.0634,18.1815,-63.0982,4.81918,-5.86123,-4.8472,-33.3696,17.4906,16.2452,-23.3122,53.6561,-20.0943,-1.74993,5.21612,30.4275,9.71527,13.4774,3.82594,6.54843,-57.5406,6.67456,51.3128,-17.6683,17.8609,15.634,-8.629,17.541,-11.042,-22.879,30.1894,-9.60669,-78.1212,56.8409,1.19556,-62.8656,-9.54539,-5.13854,25.0735,41.2585,34.3697,-0.119735,-22.6028,10.6276,57.8195,-29.9448,-186.525,-465.593
,baseline SD (40ms window before stim), ,,,,0,12,6,138,4,22.5,19.5,1,223,24,11,287,0.672946,1.25803,1.11981,0.82354,0.880316,0.627927,1.03183,1.03933,0.708576,0.561134,0.553719,0.612843,0.661384,1.13932,1.53318,1.01895,0.48102,0.717073,0.536459,0.878213,1.30767,0.615225,0.738194,1.02185,0.684933,0.741399,1.53125,0.898154,0.981962,0.750016,0.772531,0.744696,0.562294,0.571863,1.2762,0.62904,0.636863,0.569234,0.66968,0.739053,0.556395,0.886947,0.57162,0.685047,0.702809,0.741566,0.474088,0.666319,0.972831,0.577945,0.495145,0.61366,0.505114,0.706084,0.713056,0.502718,0.880381,0.694664,0.682703,0.699782,0.747366,1.09134,0.730771,0.726148,1.04044,0.678154,0.555802,0.885414,0.58909,0.64342,0.725594,1.08447,0.619543,0.750618,0.978515,0.700471,0.508688,0.766487,0.692308,0.681974,1.02184,0.829112,1.3158,0.799955,0.810626,0.978416,1.10007,0.625985,1.13142,0.727978,0.927003,0.536197,0.74072,1.4049,0.771806,0.696829,1.07676,1.03385,0.625944,0.948299,0.699023,0.909629,1.11969,0.61966,0.888795,0.861115,0.647248,0.664776,1.12854,0.839996,1.25568,1.09365,0.904093,1.22022,0.810658,0.754954,0.804024,1.29545,0.629693,0.829106,0.848571,0.686833,0.583589,0.564009,0.824287,1.17132,0.75394,0.768088,0.661101,0.507741,0.626467,0.671195,0.682716,0.640662,0.69276,0.735707,0.921449,0.562015,0.627448,0.950052,1.22976,0.911998,0.892734,0.889512,0.676639,0.737536,0.628948,0.716263,1.00544,1.06854,0.902818,0.911546,0.688628,1.61373,0.611924,0.742884,0.772624,0.688684,0.678559,0.724775,0.611361,0.741198,1.00008,0.648515,1.04672,0.634561,0.789258,0.769593,0.994782,0.850433,0.81233,0.838289,0.621724,0.696601,0.953107,0.765484,1.03614,0.58928,0.891396,1.07974,0.789532,1.0228,0.740246,0.771511,0.728322,1.36028,1.33677,1.32497,0.622344,0.676985,1.06735,0.554092,0.603856,0.6667,0.505245,0.499355,0.573589,0.478447,1.08295,0.755162,1.03903,0.569448,0.828346,0.721441,0.662336,0.597015,0.765723,0.740509,0.725219,0.697867,1.61541,1.14397,0.816528,0.582815,1.04835,0.887423,0.65942,0.989877,1.15167,1.40036,0.763833,0.732936,1.0341,0.975239,1.02823,0.77554,0.67441,0.745516,0.746035,0.643303,0.560533,0.587877,0.942253,0.71548,0.88852,0.57627,0.762703,0.631553,0.64779,0.927177,0.740603,0.689429,0.867243,0.617949,0.711833,1.13142,0.644483,0.615939,0.774824,0.596953,0.816367,0.84204,0.644618,1.00021,0.707533,0.994613,0.594079,0.761221,1.49287,1.00904,0.643287,0.635997,0.789694,0.909019,0.885918,1.09392,0.655567,0.842437,0.822122,0.794155,0.756621,0.674294,0.99591,0.676325,0.772106,0.809801,0.723767,0.846466,1.12088,0.73226,0.832494,0.702399,0.873644,0.794229,0.693019,0.533016,0.805544,0.635221,1.19898,0.716022
20191209c2,Trace min (20ms window after stim),11,RSPagl,89,1550,0,13,7,151,2,23.5,23,1,265,24,8,284,-0.964161,-0.836091,-2.53335,-0.158165,-1.11449,-0.50236,-0.969183,-2.76198,-3.74474,-1.46419,-1.76557,-0.838147,-1.14348,-1.25883,-1.08048,-0.556232,-1.32555,-2.65256,-1.19809,-5.17473,-0.842366,-2.66943,-1.04108,-1.06487,-1.57907,-1.22995,-3.13477,-1.74053,-1.12645,-1.67519,-0.917275,-1.36397,-8.6351,-1.21617,-1.03299,-0.36725,-1.4969,-1.42957,-0.543945,-0.781234,-2.23253,-1.28707,0.0907676,-3.38745,-0.759386,-2.85028,-0.756923,-1.95983,-1.41618,-1.9133,-1.75092,-1.30023,-0.700368,-1.15561,-1.44837,-1.53628,-0.923426,-1.048,-0.751317,-1.10061,-0.802605,-1.20097,-1.22451,-0.776631,-0.99429,-2.91152,0.0520418,-2.82529,-0.381135,-1.37968,-1.23968,-3.20992,-1.30605,-9.72713,-2.42767,-1.64541,-1.343,-1.5832,-0.607608,-0.394372,-1.00559,-2.10115,-0.561943,-0.741298,-0.0914405,-1.08909,-2.90136,-1.24674,-0.691411,-0.692934,-0.90459,-0.551895,-2.35691,-1.10403,-1.67801,-2.32681,-1.04079,-0.140218,-1.07929,-0.981612,-2.71712,-0.598014,-1.39797,-2.09575,-0.301175,-0.918829,-0.292764,-0.938621,-1.83768,-0.980816,-1.03856,-1.53045,-2.0642,-0.544017,-1.8707,-1.05638,-1.15416,-0.947351,-1.90911,-1.61255,-0.148333,-0.86411,-1.29347,-2.0581,-2.24093,-1.17195,-0.733731,-1.38936,-1.79688,-2.34773,-8.58223,-0.488187,-0.282066,-0.691653,-0.648214,-1.76645,-1.11416,-2.01348,-1.41222,-4.3751,-2.17369,-5.03903,-1.23522,-1.5346,-1.9961,-0.1804,-0.288837,-1.34658,-0.527493,-4.10319,-1.30846,-1.09149,-2.12219,-1.39604,-0.887944,-1.14505,-1.12327,-0.667905,-7.59952,-1.20156,-2.6585,-2.30864,-0.607913,-1.11307,-0.0902119,-1.01463,-1.41754,-1.16807,-1.62126,-1.35235,-0.719631,-0.133895,-6.52567,-1.46683,-1.70029,-1.01059,-0.624389,-1.63752,-1.31574,-3.14669,-2.69732,-0.700882,-1.90814,-0.935717,-1.054,-1.15257,-0.671651,-0.951525,-0.131283,-1.22613,-1.24471,-3.71591,-3.44931,-2.09595,-0.374741,-0.666934,-0.655268,-1.02689,-1.31779,-1.78737,-0.842372,-1.40842,-0.562513,-1.54923,-0.990954,-0.760459,-0.231555,-1.00856,-0.810226,-1.00228,-0.970525,-0.173486,-1.16376,-1.03959,-1.20878,-0.710923,-1.86195,-0.832775,-2.04754,-0.582677,-1.76387,-0.728576,-1.89537,-1.86479,-1.2366,-0.0135239,-3.93887,-0.564056,-14.495,-1.37166,-2.20442,-1.87862,-1.13589,-0.534469,-1.16465,-1.45277,-1.43307,-1.08369,-1.58578,-0.755508,-0.658785,-1.49508,-1.31961,-1.30379,-1.12621,-1.22689,-1.43476,-1.59335,-0.527817,-1.94448,-0.829118,-1.23228,-0.562581,-0.930629,-1.33909,-1.66824,-1.40848,-1.58925,-0.418721,0.0597031,-1.62361,-3.44484,-1.61511,-1.04379,-2.54285,-1.68648,-0.881642,-0.358053,-1.2204,-0.969454,-1.75875,-5.55132,-1.20979,-0.733188,-0.947404,-1.4791,-1.3171,-0.553057,-1.06984,-0.740839,-0.581173,-1.90569,-1.54263,-0.861466,-0.236989,-3.19349,-0.872859,-1.74182,-11.751,-30.9985
,Area (50ms window), ,,,,0,13,7,151,2,23.5,23,1,265,24,8,284,-22.1534,22.179,-10.4005,12.8147,-15.7265,26.1881,3.5298,-35.4015,-47.7974,18.2271,8.43496,-7.24761,2.5675,13.8618,4.75186,44.6754,-30.6181,-27.0831,11.9969,-116.08,82.4361,-1.9874,2.96826,5.49537,-4.32046,6.00899,-19.8897,4.23999,-5.74705,-6.01361,14.032,-10.2503,-161.787,85.4089,9.31491,12.4338,-9.66579,-18.4599,11.5031,14.2929,-13.6744,4.24048,35.9988,-54.1547,34.5376,13.3216,11.9352,-15.5363,11.6774,-7.70021,-3.16844,-15.6229,21.2227,10.0309,-18.1216,15.0614,1.08078,-7.58764,-12.1343,11.0289,9.56413,-3.15468,18.6283,-4.75159,-15.5653,-19.2745,41.9558,-46.9549,32.8146,6.55897,-26.8573,-5.37986,7.12342,-100.624,0.244146,29.7464,1.06806,-14.7827,22.7142,7.46593,-11.2025,-25.6406,39.0879,-10.0285,42.8067,-18.3818,-28.1112,18.5051,-0.779927,22.4315,19.8944,4.74877,-28.0863,-2.34116,1.57385,-20.8378,17.019,14.9594,-6.81589,29.0354,-55.2832,19.7606,-11.3315,9.52437,7.43366,-0.479662,25.6222,1.94193,-8.7996,9.47788,17.0246,-10.2693,10.2865,21.1851,-7.67277,-13.2457,0.592588,17.3927,5.64924,-4.84748,12.7762,-7.80826,0.0311545,8.43593,-19.6396,3.14277,-16.7689,26.9952,-14.1574,-28.0379,-157.835,110.797,13.3377,-13.5538,25.9387,18.8499,-1.93811,-17.9769,9.95678,-64.626,31.4298,-85.3158,44.2972,12.8857,-4.0407,39.3656,16.7224,-7.01188,-1.81385,-43.8104,21.4125,17.9346,-43.0381,26.4007,7.37545,0.0757116,8.0247,1.45651,-106.476,7.32001,-0.896987,6.88839,44.0347,0.650743,28.4246,-1.32796,-13.5371,15.6759,-5.07269,6.56484,7.84679,-7.43721,-76.3514,51.3796,-11.8121,22.5465,2.6634,-7.6478,-3.08982,-35.3275,-12.1392,38.222,-43.3255,44.9871,1.2533,4.60834,9.34649,-28.606,18.6441,19.8712,-20.9597,-45.7062,-3.53309,9.36793,10.8295,21.4454,7.19831,-2.46693,-3.32304,-14.8436,18.5903,-17.7844,19.2691,-24.6044,-13.5082,19.3148,11.954,-12.8156,-12.5993,33.409,-11.0581,19.8029,-8.02759,5.01396,-32.5485,23.0438,0.581972,-4.16395,15.2616,14.1831,-17.8565,10.8098,-35.3289,-2.27493,18.6447,28.2618,-69.729,36.4695,-190.072,89.9746,-4.24273,12.569,-21.3591,27.8262,-4.46958,-12.1841,20.8407,-7.02688,-33.8996,25.5433,-2.65912,-16.1881,7.39974,-16.6448,7.08335,-0.876528,-8.67808,-28.9832,27.2864,0.350044,16.059,5.30761,-10.1515,4.6715,16.2149,13.6843,-13.8977,-17.5474,33.692,17.5527,3.53901,-14.4839,-14.9778,-0.923188,-8.02993,11.5261,18.5856,4.16723,2.02168,-7.2014,10.9394,-97.2765,40.0735,8.79065,8.08735,-12.5098,-6.27774,18.4094,1.3603,17.6943,8.81791,-6.96953,-14.0904,1.87617,33.8461,-62.1678,15.1448,3.76392,-289.926,-580.204
,baseline SD (40ms window before stim), ,,,,0,13,7,151,2,23.5,23,1,265,24,8,284,0.60571,0.621579,0.443546,0.447643,0.648203,0.487288,0.601806,0.691935,0.569912,0.573313,0.600305,0.539089,0.684289,0.565227,0.507009,0.568973,0.53371,0.557291,0.574392,0.601567,0.468237,0.51935,0.573571,0.480044,0.469428,0.521256,0.645672,0.541888,0.457938,0.604457,0.518719,0.504944,0.508746,0.6271,0.573168,0.570537,0.46054,0.51362,0.880488,0.467804,0.381866,0.467188,0.711315,0.542431,0.443154,0.549472,0.568382,0.49231,0.641187,0.525571,0.451812,0.562908,0.458459,0.596291,0.691353,0.508897,0.615824,0.761017,0.585567,0.54631,0.749847,0.568474,0.451278,0.566669,0.601405,0.585181,0.766731,0.646991,0.895511,0.577761,0.457545,0.482837,0.562173,0.536554,0.448277,0.432097,0.464466,0.568739,0.56139,0.684786,0.458472,0.558801,0.513966,0.998383,0.553207,0.603022,0.553506,0.584168,0.808208,0.439858,0.487045,0.472774,0.473861,0.531441,0.500455,0.552772,0.51997,0.70636,0.711143,0.547935,0.526355,0.831768,0.529904,0.590583,0.539109,0.667962,1.0503,0.531001,0.599615,0.495115,0.510781,0.545481,0.455514,0.693837,0.514191,0.645113,0.506684,0.527907,0.546092,0.480576,0.834778,0.59031,0.714545,0.439019,0.437058,0.454676,0.904998,0.659997,0.537066,0.59193,0.68128,0.600521,0.523337,0.665984,0.620366,0.65397,0.591607,0.4949,0.453999,0.596702,1.01448,0.580502,0.517737,0.464071,0.707117,0.387281,0.545298,0.575479,0.61252,0.456816,0.387862,0.436788,0.624765,0.470402,0.485607,0.437863,0.643777,0.562175,0.586249,0.634952,0.647686,0.56812,0.665733,0.493279,0.48833,0.529582,0.484323,0.572314,0.591219,0.623535,0.756619,0.965586,0.423334,0.499125,0.714151,0.573796,0.502825,0.542798,0.599217,0.451133,0.497866,0.466161,0.508781,0.589855,0.497708,0.652871,0.61057,0.534441,0.668343,0.440476,0.487735,0.426379,0.469603,0.571172,0.506711,0.703735,0.526448,0.65015,0.451925,0.508177,0.521437,0.788048,0.676026,0.443985,0.525244,0.500005,0.740374,0.756763,0.589766,0.606078,0.920728,0.679137,0.530366,0.500638,0.691291,0.519742,0.631433,0.605051,0.464101,0.436046,0.543224,0.429086,0.55264,0.438331,0.465551,0.46211,0.453097,0.478627,0.414384,0.539191,0.618019,0.45262,0.445727,1.02577,0.385803,0.422261,0.627698,0.52613,0.429856,0.454683,0.516361,0.495609,0.509771,0.457049,0.525477,0.41437,0.568245,0.551907,0.75857,0.472953,0.484084,0.436138,0.605628,0.591466,0.567934,0.45862,0.630441,0.523304,0.736675,0.57467,0.687431,0.425832,0.527632,0.531045,0.60401,0.543926,0.490016,0.572481,0.461148,0.551515,0.513788,0.442112,0.483622,0.445052,0.439363,0.568453,0.52248,0.614965,0.670188,0.49903,0.653202,0.432039,0.44605,0.446932,0.471344,0.469896,0.623784,0.489203,0.520473,0.599476